date,channel,total_spend,total_impressions,total_clicks,attributed_sessions,attributed_orders,attributed_revenue,day_of_week,promo_flag,week_index
2025-07-04,email,19566.32,424886,4484,418.0,20.0,123248.3,4,1,0
2025-07-04,organic,5380.51,620736,7272,696.0,14.0,64098.51,4,1,0
2025-07-04,paid_social,157932.61,856233,15201,991.0,30.0,152446.28,4,1,0
2025-07-04,referral,32210.79,114693,2305,201.0,6.0,37622.67,4,1,0
2025-07-04,search,188257.71,783751,21862,1120.0,43.0,243962.18,4,1,0
2025-07-05,email,18352.15,314430,3637,359.0,14.0,67385.24,5,0,0
2025-07-05,organic,4010.76,691234,7937,579.0,11.0,65332.79,5,0,0
2025-07-05,paid_social,130147.97,698370,11082,845.0,11.0,49038.96,5,0,0
2025-07-05,referral,32529.45,112069,1857,167.0,3.0,21740.03,5,0,0
2025-07-05,search,159676.14,724248,21583,1120.0,34.0,215296.92,5,0,0
2025-07-06,email,17708.52,337532,4825,437.0,16.0,112209.0,6,0,0
2025-07-06,organic,4565.21,647358,6517,565.0,4.0,21258.460000000003,6,0,0
2025-07-06,paid_social,126196.48,686203,10437,849.0,11.0,55087.57,6,0,0
2025-07-06,referral,29244.95,125282,2314,190.0,3.0,17676.21,6,0,0
2025-07-06,search,164394.8,690489,15126,940.0,23.0,172437.26,6,0,0
2025-07-07,email,16110.2,288473,3760,273.0,16.0,84911.56999999999,0,0,0
2025-07-07,organic,3856.91,517327,3997,287.0,3.0,29556.18,0,0,0
2025-07-07,paid_social,117923.28,630712,14087,852.0,15.0,114093.09,0,0,0
2025-07-07,referral,29280.44,129616,3108,230.0,8.0,57492.23,0,0,0
2025-07-07,search,142097.27000000002,643130,18483,1072.0,38.0,256530.38,0,0,0
2025-07-08,email,16823.84,296476,3818,304.0,11.0,76576.5,1,0,0
2025-07-08,organic,3983.4300000000003,619664,6511,515.0,7.0,54191.56,1,0,0
2025-07-08,paid_social,112896.66,609260,10711,761.0,12.0,59661.409999999996,1,0,0
2025-07-08,referral,28023.88,139087,3192,239.0,5.0,25856.280000000002,1,0,0
2025-07-08,search,164299.43,719951,21797,1191.0,39.0,271316.08999999997,1,0,0
2025-07-09,email,15581.03,315245,3706,276.0,10.0,61879.52,2,0,0
2025-07-09,organic,4299.44,524325,6356,509.0,6.0,35246.53,2,0,0
2025-07-09,paid_social,103999.9,567338,10404,827.0,12.0,48765.58,2,0,0
2025-07-09,referral,25101.84,141954,3181,235.0,6.0,32599.6,2,0,0
2025-07-09,search,121643.62,533034,16040,1061.0,21.0,149098.68,2,0,0
2025-07-10,email,15100.42,302880,3209,237.0,8.0,62885.380000000005,3,0,0
2025-07-10,organic,4000.9900000000002,701328,8086,671.0,11.0,71387.22,3,0,0
2025-07-10,paid_social,98717.89,578775,9278,683.0,10.0,53613.4,3,0,0
2025-07-10,referral,30758.420000000002,105630,2225,186.0,4.0,37263.06,3,0,0
2025-07-10,search,132412.64,565509,15633,1045.0,36.0,227407.78,3,0,0
2025-07-11,email,18312.05,293849,3278,254.0,9.0,68278.33,4,0,1
2025-07-11,organic,3884.63,709709,8586,700.0,11.0,68785.85,4,0,1
2025-07-11,paid_social,126939.26,656144,13127,868.0,15.0,83897.39,4,0,1
2025-07-11,referral,25529.19,128593,2255,176.0,2.0,12119.09,4,0,1
2025-07-11,search,147756.83000000002,634483,17478,1053.0,27.0,182009.38999999998,4,0,1
2025-07-12,email,17417.079999999998,337553,3166,267.0,17.0,142445.56,5,0,1
2025-07-12,organic,3601.62,823122,9370,777.0,8.0,33999.35,5,0,1
2025-07-12,paid_social,110709.56999999999,594794,8252,660.0,11.0,57923.52,5,0,1
2025-07-12,referral,32635.16,137256,2855,228.0,6.0,41736.57,5,0,1
2025-07-12,search,152796.52,645936,18768,1066.0,25.0,183154.37,5,0,1
2025-07-13,email,21663.329999999998,362786,4436,455.0,28.0,200681.59,6,1,1
2025-07-13,organic,5270.34,513957,4553,501.0,15.0,88827.56,6,1,1
2025-07-13,paid_social,173139.99,916946,18850,1120.0,29.0,155421.79,6,1,1
2025-07-13,referral,43413.01,135974,2922,305.0,11.0,60513.26,6,1,1
2025-07-13,search,206584.52,924081,27685,1120.0,39.0,202005.05,6,1,1
2025-07-14,email,16675.129999999997,313577,3598,281.0,12.0,91851.85,0,0,1
2025-07-14,organic,3758.0,532151,4605,361.0,9.0,76230.31,0,0,1
2025-07-14,paid_social,121136.74,623817,12212,796.0,15.0,71035.84,0,0,1
2025-07-14,referral,26919.32,140503,2925,224.0,4.0,25599.18,0,0,1
2025-07-14,search,131384.79,571000,17856,938.0,31.0,227526.94999999998,0,0,1
2025-07-15,email,14510.97,243744,3100,226.0,9.0,47652.98,1,0,1
2025-07-15,organic,4215.09,585408,5097,421.0,8.0,47813.509999999995,1,0,1
2025-07-15,paid_social,114105.85,614266,10601,673.0,13.0,58197.76,1,0,1
2025-07-15,referral,24761.54,115631,2277,174.0,8.0,43265.96,1,0,1
2025-07-15,search,142963.8,591963,17202,973.0,39.0,241289.53,1,0,1
2025-07-16,email,15747.42,312632,4313,332.0,9.0,68926.73999999999,2,0,1
2025-07-16,organic,4215.59,559192,4172,277.0,5.0,25719.7,2,0,1
2025-07-16,paid_social,117526.5,610526,9708,697.0,8.0,44310.84,2,0,1
2025-07-16,referral,29653.21,81361,1423,118.0,3.0,24888.870000000003,2,0,1
2025-07-16,search,110627.47,490924,15713,846.0,21.0,136807.67,2,0,1
2025-07-17,email,14927.800000000001,341147,3563,254.0,7.0,22932.77,3,0,1
2025-07-17,organic,3811.99,650824,4989,373.0,10.0,52966.86,3,0,1
2025-07-17,paid_social,119941.52,651405,12011,878.0,20.0,83357.7,3,0,1
2025-07-17,referral,28436.7,136167,2857,221.0,4.0,36800.97,3,0,1
2025-07-17,search,174418.03,749023,19804,1013.0,39.0,244853.97,3,0,1
2025-07-18,email,16103.81,294037,3968,336.0,12.0,88183.89,4,0,2
2025-07-18,organic,4161.18,601208,6973,598.0,9.0,68742.66,4,0,2
2025-07-18,paid_social,114297.72,591601,11167,811.0,12.0,49624.03,4,0,2
2025-07-18,referral,32166.12,121475,1929,139.0,6.0,40339.64,4,0,2
2025-07-18,search,179857.0,775049,24493,1033.0,38.0,295465.33,4,0,2
2025-07-19,email,17858.19,291446,2500,225.0,9.0,46926.04,5,0,2
2025-07-19,organic,4365.1900000000005,820612,9729,809.0,11.0,74987.37,5,0,2
2025-07-19,paid_social,126266.34,683132,12805,987.0,17.0,106311.41,5,0,2
2025-07-19,referral,33482.46,151614,3277,274.0,9.0,70085.70999999999,5,0,2
2025-07-19,search,143372.95,590353,18805,1101.0,36.0,243225.74,5,0,2
2025-07-20,email,19055.82,307375,3602,314.0,19.0,97841.77,6,0,2
2025-07-20,organic,3718.44,868908,9245,838.0,19.0,85802.86,6,0,2
2025-07-20,paid_social,151109.04,723753,14162,1023.0,13.0,101838.28000000001,6,0,2
2025-07-20,referral,32120.98,93986,1987,185.0,4.0,16313.380000000001,6,0,2
2025-07-20,search,187189.37,782608,22127,1106.0,28.0,196025.93,6,0,2
2025-07-21,email,15359.34,319354,3664,282.0,11.0,91613.58,0,0,2
2025-07-21,organic,4137.04,573747,6941,526.0,10.0,53862.78,0,0,2
2025-07-21,paid_social,134805.76,711880,12682,886.0,9.0,47969.45,0,0,2
2025-07-21,referral,27835.2,118365,2373,180.0,1.0,7162.02,0,0,2
2025-07-21,search,141601.0,628897,16044,975.0,28.0,267506.96,0,0,2
2025-07-22,email,15275.43,224075,2810,223.0,7.0,22785.99,1,0,2
2025-07-22,organic,3957.68,594742,6333,427.0,10.0,66644.02,1,0,2
2025-07-22,paid_social,108876.66,575004,8623,616.0,10.0,49967.479999999996,1,0,2
2025-07-22,referral,25894.97,116232,2714,227.0,3.0,19385.84,1,0,2
2025-07-22,search,133407.05,573983,16150,1073.0,41.0,264366.66,1,0,2
2025-07-23,email,18267.97,320998,4507,354.0,19.0,102849.15000000001,2,0,2
2025-07-23,organic,3919.15,650691,8376,582.0,2.0,11839.130000000001,2,0,2
2025-07-23,paid_social,117877.34,601772,12302,868.0,18.0,87221.74,2,0,2
2025-07-23,referral,30119.83,119752,2330,203.0,4.0,29840.38,2,0,2
2025-07-23,search,145621.53,640537,20586,1032.0,14.0,72843.77,2,0,2
2025-07-24,email,11762.55,289613,3393,263.0,14.0,64357.05,3,0,2
2025-07-24,organic,3791.79,698977,9442,619.0,12.0,83071.19,3,0,2
2025-07-24,paid_social,111041.96,581895,9896,761.0,8.0,51914.91,3,0,2
2025-07-24,referral,26275.54,138413,2383,169.0,2.0,19506.510000000002,3,0,2
2025-07-24,search,113524.91,499380,15381,988.0,24.0,156676.08,3,0,2
2025-07-25,email,16424.04,337323,4670,341.0,20.0,135473.72,4,0,3
2025-07-25,organic,4137.76,700376,7525,646.0,8.0,50804.06,4,0,3
2025-07-25,paid_social,122060.12,656257,11513,888.0,21.0,133731.89,4,0,3
2025-07-25,referral,28336.66,120985,2563,221.0,8.0,49055.28,4,0,3
2025-07-25,search,152349.72,659780,17089,985.0,30.0,168294.98,4,0,3
2025-07-26,email,17473.39,332825,3223,291.0,13.0,113683.64,5,0,3
2025-07-26,organic,4659.77,689394,6368,534.0,9.0,66340.7,5,0,3
2025-07-26,paid_social,140952.79,768194,14604,1018.0,12.0,50011.51,5,0,3
2025-07-26,referral,30627.5,122171,2225,165.0,8.0,47849.49,5,0,3
2025-07-26,search,129928.97,558972,15191,1019.0,29.0,197519.97,5,0,3
2025-07-27,email,18269.57,283597,3998,317.0,17.0,115298.7,6,0,3
2025-07-27,organic,3971.09,624963,6875,596.0,7.0,52996.04000000001,6,0,3
2025-07-27,paid_social,116453.6,610917,10928,841.0,12.0,91091.39,6,0,3
2025-07-27,referral,33038.49,128729,2382,216.0,9.0,41802.59,6,0,3
2025-07-27,search,143744.13,633081,17345,1051.0,31.0,240480.28,6,0,3
2025-07-28,email,14523.18,219811,2460,191.0,7.0,37436.97,0,0,3
2025-07-28,organic,4694.21,491434,4866,335.0,10.0,45911.87,0,0,3
2025-07-28,paid_social,125284.3,648467,12391,880.0,17.0,135138.96,0,0,3
2025-07-28,referral,28265.45,113327,2148,165.0,9.0,67329.59000000001,0,0,3
2025-07-28,search,128644.02,557267,17244,1007.0,32.0,209311.3,0,0,3
2025-07-29,email,14865.73,246515,2863,199.0,6.0,44422.43,1,0,3
2025-07-29,organic,3868.3999999999996,636335,7000,536.0,6.0,27700.14,1,0,3
2025-07-29,paid_social,125516.22,645558,11637,812.0,11.0,48699.2,1,0,3
2025-07-29,referral,28963.95,123022,2674,172.0,3.0,42598.810000000005,1,0,3
2025-07-29,search,139364.48,605121,18002,1045.0,31.0,246860.84,1,0,3
2025-07-30,email,14177.78,342744,4013,295.0,14.0,84251.65,2,0,3
2025-07-30,organic,3779.45,527313,4455,322.0,3.0,34304.880000000005,2,0,3
2025-07-30,paid_social,108261.37000000001,571150,9517,690.0,7.0,26024.12,2,0,3
2025-07-30,referral,27335.67,136303,2596,190.0,9.0,56516.87,2,0,3
2025-07-30,search,148290.46000000002,622800,19261,1108.0,31.0,230025.47999999998,2,0,3
2025-07-31,email,15319.91,353246,4452,359.0,14.0,102523.31,3,0,3
2025-07-31,organic,4160.95,732183,8366,590.0,13.0,68633.34,3,0,3
2025-07-31,paid_social,131671.87,654285,12261,860.0,6.0,31367.05,3,0,3
2025-07-31,referral,27399.33,145863,2539,198.0,3.0,16210.119999999999,3,0,3
2025-07-31,search,158379.74,739332,21875,1080.0,34.0,278059.32,3,0,3
2025-08-01,email,16548.37,261670,3328,283.0,8.0,42017.65,4,0,4
2025-08-01,organic,4345.49,541901,4619,373.0,3.0,23229.73,4,0,4
2025-08-01,paid_social,110016.36,672102,12283,850.0,12.0,53601.68,4,0,4
2025-08-01,referral,30516.010000000002,103593,1907,141.0,1.0,10720.87,4,0,4
2025-08-01,search,146014.85,632973,18214,1066.0,38.0,244318.07,4,0,4
2025-08-02,email,16285.82,293763,3148,257.0,11.0,105458.42,5,0,4
2025-08-02,organic,4880.07,803302,9688,829.0,10.0,61332.520000000004,5,0,4
2025-08-02,paid_social,137969.15,746314,13156,984.0,14.0,79392.87,5,0,4
2025-08-02,referral,29826.16,148489,3262,288.0,3.0,10944.86,5,0,4
2025-08-02,search,156028.84,689349,19857,1120.0,27.0,193179.52000000002,5,0,4
2025-08-03,email,18529.43,305676,3550,352.0,9.0,54937.95,6,0,4
2025-08-03,organic,4433.45,722547,6660,519.0,9.0,77505.46,6,0,4
2025-08-03,paid_social,144336.31,760556,15913,1064.0,9.0,50822.369999999995,6,0,4
2025-08-03,referral,33877.36,97660,1623,147.0,2.0,12043.099999999999,6,0,4
2025-08-03,search,171931.16,707006,20517,1079.0,20.0,159336.66999999998,6,0,4
2025-08-04,email,15360.92,238044,2810,230.0,9.0,53526.020000000004,0,0,4
2025-08-04,organic,4404.38,587945,6669,519.0,5.0,33132.17,0,0,4
2025-08-04,paid_social,134403.97,718234,13479,779.0,9.0,76166.77,0,0,4
2025-08-04,referral,25540.34,95821,1696,123.0,1.0,19588.03,0,0,4
2025-08-04,search,135502.83,599792,14816,846.0,30.0,186699.80000000002,0,0,4
2025-08-05,email,15721.8,266896,3229,217.0,12.0,70798.22,1,0,4
2025-08-05,organic,4003.31,671369,7127,556.0,6.0,48658.52,1,0,4
2025-08-05,paid_social,100988.65,542677,10876,785.0,10.0,51391.01,1,0,4
2025-08-05,referral,27629.02,111183,2419,180.0,8.0,38856.76,1,0,4
2025-08-05,search,150324.34,630362,14906,942.0,21.0,122011.31,1,0,4
2025-08-06,email,13483.35,294383,3374,295.0,16.0,122499.95000000001,2,0,4
2025-08-06,organic,3994.59,561641,5500,410.0,6.0,33633.77,2,0,4
2025-08-06,paid_social,110320.01999999999,543893,10766,783.0,11.0,67226.47,2,0,4
2025-08-06,referral,32643.64,123359,2470,173.0,0.0,0.0,2,0,4
2025-08-06,search,127808.87,551054,15596,917.0,25.0,180618.86,2,0,4
2025-08-07,email,16566.38,300538,3959,322.0,9.0,43819.0,3,0,4
2025-08-07,organic,3598.75,602198,6264,447.0,5.0,33351.64,3,0,4
2025-08-07,paid_social,117607.79000000001,625464,11873,855.0,16.0,94106.94,3,0,4
2025-08-07,referral,26682.59,128443,2985,269.0,5.0,22999.15,3,0,4
2025-08-07,search,131150.44,580966,15750,931.0,27.0,163642.79,3,0,4
2025-08-08,email,18638.49,349077,4029,362.0,16.0,95211.9,4,0,5
2025-08-08,organic,4606.04,743488,7116,528.0,10.0,54016.73,4,0,5
2025-08-08,paid_social,130434.79000000001,676562,11982,991.0,22.0,148034.34,4,0,5
2025-08-08,referral,32417.809999999998,96910,1848,146.0,3.0,16591.45,4,0,5
2025-08-08,search,169433.13,770219,22747,1120.0,40.0,255565.97000000003,4,0,5
2025-08-09,email,14691.5,246169,2567,238.0,13.0,66558.76000000001,5,0,5
2025-08-09,organic,5212.26,681730,6444,527.0,11.0,66934.66,5,0,5
2025-08-09,paid_social,131125.48,727229,13996,989.0,25.0,158090.08,5,0,5
2025-08-09,referral,32226.5,103139,1810,147.0,2.0,8353.45,5,0,5
2025-08-09,search,146999.53,667331,21052,1107.0,32.0,217470.4,5,0,5
2025-08-10,email,16733.21,217741,2715,241.0,13.0,86816.4,6,0,5
2025-08-10,organic,4557.5,839028,9066,770.0,13.0,90646.73,6,0,5
2025-08-10,paid_social,154874.69,800859,15568,1076.0,19.0,117202.91,6,0,5
2025-08-10,referral,33692.95,115823,2250,206.0,4.0,29110.11,6,0,5
2025-08-10,search,178151.22,760581,21780,1041.0,27.0,175529.97,6,0,5
2025-08-11,email,19002.79,311487,4245,381.0,21.0,115301.12000000001,0,1,5
2025-08-11,organic,5186.9,627690,6966,687.0,20.0,136930.08,0,1,5
2025-08-11,paid_social,156070.28,795355,15040,1032.0,23.0,133199.05000000002,0,1,5
2025-08-11,referral,33397.15,88244,1471,136.0,4.0,20760.33,0,1,5
2025-08-11,search,177070.05,778637,23388,1120.0,44.0,275000.76,0,1,5
2025-08-12,email,16980.12,353689,4197,307.0,15.0,99851.78,1,0,5
2025-08-12,organic,3619.91,641811,6722,545.0,7.0,47821.21000000001,1,0,5
2025-08-12,paid_social,116420.65000000001,610007,9690,664.0,7.0,33385.47,1,0,5
2025-08-12,referral,29868.58,112484,2151,149.0,1.0,9966.77,1,0,5
2025-08-12,search,121154.06,537133,16966,1031.0,27.0,220649.87,1,0,5
2025-08-13,email,17988.09,329326,4765,409.0,19.0,100381.26,2,1,5
2025-08-13,organic,4248.38,691693,6109,545.0,15.0,111692.63,2,1,5
2025-08-13,paid_social,155867.94,777354,16036,999.0,10.0,55304.42,2,1,5
2025-08-13,referral,38923.17,127728,2607,244.0,5.0,41498.28,2,1,5
2025-08-13,search,163617.46,702085,18425,1093.0,44.0,236995.19,2,1,5
2025-08-14,email,17275.27,331697,3799,339.0,18.0,89051.28,3,1,5
2025-08-14,organic,4948.45,656287,4983,434.0,6.0,35084.57,3,1,5
2025-08-14,paid_social,149923.65,772821,14392,1110.0,25.0,155651.62,3,1,5
2025-08-14,referral,34581.08,150555,2709,259.0,6.0,57759.770000000004,3,1,5
2025-08-14,search,202946.47,896315,23823,1047.0,39.0,232540.29,3,1,5
2025-08-15,email,22836.03,363715,4380,455.0,30.0,210698.11,4,1,6
2025-08-15,organic,5186.66,504868,5695,588.0,12.0,83550.38,4,1,6
2025-08-15,paid_social,158687.54,792629,14509,999.0,25.0,139407.25,4,1,6
2025-08-15,referral,28618.67,131596,2727,300.0,10.0,66262.95,4,1,6
2025-08-15,search,185183.65,861102,23246,1117.0,42.0,255439.41999999998,4,1,6
2025-08-16,email,23232.63,456833,5788,603.0,39.0,265031.2,5,1,6
2025-08-16,organic,6257.63,673295,5798,555.0,13.0,102512.9,5,1,6
2025-08-16,paid_social,161713.04,838942,13697,975.0,28.0,132457.16,5,1,6
2025-08-16,referral,38542.270000000004,116497,2898,333.0,12.0,71869.6,5,1,6
2025-08-16,search,239157.44,1008704,27698,1120.0,33.0,183096.13,5,1,6
2025-08-17,email,22974.48,394702,4606,510.0,23.0,159973.21,6,1,6
2025-08-17,organic,5139.41,527119,5030,588.0,23.0,155693.68,6,1,6
2025-08-17,paid_social,176795.85,886098,18543,1113.0,23.0,112483.5,6,1,6
2025-08-17,referral,41133.17,128698,2676,278.0,8.0,58945.82,6,1,6
2025-08-17,search,226730.72,984012,32901,1120.0,34.0,210424.68,6,1,6
2025-08-18,email,20606.14,394387,4354,367.0,19.0,81764.93,0,1,6
2025-08-18,organic,4470.389999999999,593948,6403,579.0,7.0,42564.81,0,1,6
2025-08-18,paid_social,140041.01,693654,12046,951.0,21.0,113064.49,0,1,6
2025-08-18,referral,33531.51,129508,2983,297.0,11.0,57745.73,0,1,6
2025-08-18,search,180857.56,799185,20666,1120.0,31.0,190202.94,0,1,6
2025-08-19,email,17870.6,363577,4758,419.0,24.0,158591.85,1,1,6
2025-08-19,organic,4670.41,607283,6939,587.0,13.0,51784.86,1,1,6
2025-08-19,paid_social,163884.86,842252,13843,999.0,20.0,124517.58,1,1,6
2025-08-19,referral,39561.92,134660,2588,255.0,13.0,68478.01,1,1,6
2025-08-19,search,169214.66,740950,20976,1120.0,36.0,213420.35,1,1,6
2025-08-20,email,19435.95,279638,4257,392.0,19.0,117471.15,2,1,6
2025-08-20,organic,5088.93,600422,5678,479.0,15.0,90811.57,2,1,6
2025-08-20,paid_social,141428.79,757649,14244,1029.0,19.0,130047.5,2,1,6
2025-08-20,referral,40874.729999999996,117961,2595,271.0,11.0,63733.13,2,1,6
2025-08-20,search,146661.31,780691,21205,1120.0,42.0,254914.66,2,1,6
2025-08-21,email,15366.23,322818,4455,344.0,12.0,71029.9,3,0,6
2025-08-21,organic,3464.61,565859,5340,366.0,8.0,29629.76,3,0,6
2025-08-21,paid_social,116277.18,649973,11802,911.0,9.0,65090.479999999996,3,0,6
2025-08-21,referral,27371.05,97948,1943,137.0,4.0,14664.259999999998,3,0,6
2025-08-21,search,139741.5,616895,19013,1081.0,32.0,204449.28,3,0,6
2025-08-22,email,15525.51,269065,2469,188.0,7.0,47134.74,4,0,7
2025-08-22,organic,3930.2599999999998,646121,7753,618.0,6.0,23813.870000000003,4,0,7
2025-08-22,paid_social,142075.41,770880,13921,1002.0,13.0,88041.02,4,0,7
2025-08-22,referral,28915.030000000002,120545,2228,189.0,5.0,34492.130000000005,4,0,7
2025-08-22,search,150545.18,646084,18708,1089.0,38.0,284000.63,4,0,7
2025-08-23,email,12125.38,251067,2323,225.0,14.0,112938.57999999999,5,0,7
2025-08-23,organic,5018.55,770204,9920,835.0,13.0,62001.17,5,0,7
2025-08-23,paid_social,142307.6,756713,13852,923.0,7.0,50465.399999999994,5,0,7
2025-08-23,referral,37438.729999999996,101944,2074,189.0,4.0,23654.190000000002,5,0,7
2025-08-23,search,138486.51,619315,15947,991.0,27.0,271850.34,5,0,7
2025-08-24,email,17633.16,262198,3347,312.0,12.0,65564.02,6,0,7
2025-08-24,organic,4857.42,752568,6365,556.0,5.0,38740.11,6,0,7
2025-08-24,paid_social,124470.12,646401,10314,901.0,12.0,86734.48000000001,6,0,7
2025-08-24,referral,36329.34,134408,2435,230.0,8.0,56399.729999999996,6,0,7
2025-08-24,search,160056.88999999998,728669,19608,1120.0,33.0,210737.28999999998,6,0,7
2025-08-25,email,15228.18,352709,3654,273.0,15.0,101963.69,0,0,7
2025-08-25,organic,2905.34,646817,5716,413.0,8.0,49428.06,0,0,7
2025-08-25,paid_social,113487.51999999999,592295,7460,598.0,7.0,61843.43,0,0,7
2025-08-25,referral,26978.35,141333,3013,217.0,6.0,24122.33,0,0,7
2025-08-25,search,152950.96,666078,20706,1063.0,30.0,197208.03,0,0,7
2025-08-26,email,13942.12,224629,2866,232.0,13.0,66296.64,1,0,7
2025-08-26,organic,4610.32,618813,6433,474.0,8.0,53461.869999999995,1,0,7
2025-08-26,paid_social,144285.34,722412,10894,766.0,10.0,77075.96,1,0,7
2025-08-26,referral,25713.64,139911,2872,216.0,12.0,76786.68,1,0,7
2025-08-26,search,130106.28,572993,14282,941.0,29.0,164026.77,1,0,7
2025-08-27,email,16798.24,273586,3979,317.0,11.0,86731.56,2,0,7
2025-08-27,organic,4706.49,667904,6438,489.0,8.0,71399.72,2,0,7
2025-08-27,paid_social,111496.89,599165,10910,852.0,13.0,79834.65,2,0,7
2025-08-27,referral,24856.690000000002,86750,1814,138.0,5.0,32947.54,2,0,7
2025-08-27,search,120581.28,538481,15371,1002.0,32.0,246309.97,2,0,7
2025-08-28,email,17192.97,361920,4539,347.0,12.0,87924.18000000001,3,0,7
2025-08-28,organic,3835.2799999999997,735729,8158,677.0,11.0,70088.19,3,0,7
2025-08-28,paid_social,135738.88,735289,12332,915.0,15.0,63841.45999999999,3,0,7
2025-08-28,referral,28170.809999999998,123104,2195,161.0,6.0,32789.29,3,0,7
2025-08-28,search,128202.56999999999,546202,15052,986.0,26.0,158262.13,3,0,7
2025-08-29,email,16357.92,321957,3845,311.0,13.0,71517.58,4,0,8
2025-08-29,organic,4609.6,558140,5808,437.0,3.0,12257.51,4,0,8
2025-08-29,paid_social,119722.24,619547,11039,841.0,17.0,65949.51,4,0,8
2025-08-29,referral,27413.85,134817,2920,263.0,8.0,54190.27,4,0,8
2025-08-29,search,132968.49,572967,15210,1030.0,17.0,110239.79000000001,4,0,8
2025-08-30,email,19395.76,311032,3728,315.0,13.0,77551.8,5,0,8
2025-08-30,organic,4882.1900000000005,773855,7703,665.0,9.0,53877.240000000005,5,0,8
2025-08-30,paid_social,121651.77,623005,12386,893.0,13.0,57215.03,5,0,8
2025-08-30,referral,29939.260000000002,125698,2543,231.0,10.0,62278.9,5,0,8
2025-08-30,search,167068.35,745937,19782,1067.0,31.0,189990.88,5,0,8
2025-08-31,email,16801.04,225707,2382,180.0,5.0,39145.68,6,0,8
2025-08-31,organic,4856.02,569730,5855,552.0,8.0,35312.32,6,0,8
2025-08-31,paid_social,160159.37,834164,15094,1039.0,18.0,120974.89,6,0,8
2025-08-31,referral,30803.48,122235,2280,206.0,4.0,21472.95,6,0,8
2025-08-31,search,168971.71000000002,721261,19752,1120.0,27.0,134647.22,6,0,8
2025-09-01,email,14378.01,294130,4364,340.0,10.0,63178.29,0,0,8
2025-09-01,organic,4153.4800000000005,616346,7449,579.0,6.0,54362.060000000005,0,0,8
2025-09-01,paid_social,113595.7,591349,10529,792.0,10.0,38008.880000000005,0,0,8
2025-09-01,referral,28778.47,124490,2542,226.0,9.0,66906.29,0,0,8
2025-09-01,search,141818.02,642899,20210,1054.0,31.0,193198.77,0,0,8
2025-09-02,email,16340.48,241723,2830,228.0,7.0,46775.88,1,0,8
2025-09-02,organic,4636.78,512976,5454,439.0,3.0,11419.87,1,0,8
2025-09-02,paid_social,109376.98999999999,563873,9702,797.0,9.0,38753.57,1,0,8
2025-09-02,referral,23761.3,104515,2163,179.0,4.0,46973.299999999996,1,0,8
2025-09-02,search,142518.58000000002,618712,17442,1056.0,24.0,151933.0,1,0,8
2025-09-03,email,16997.65,264109,2496,159.0,14.0,118610.78,2,0,8
2025-09-03,organic,3561.9900000000002,640779,6749,552.0,4.0,24575.96,2,0,8
2025-09-03,paid_social,101884.83,553052,9860,748.0,10.0,64755.5,2,0,8
2025-09-03,referral,28687.3,110675,2276,164.0,5.0,42846.5,2,0,8
2025-09-03,search,154228.91999999998,615210,18760,1046.0,24.0,155098.29,2,0,8
2025-09-04,email,15926.91,310447,3106,255.0,7.0,41547.240000000005,3,0,8
2025-09-04,organic,4076.44,703624,6858,562.0,4.0,29780.0,3,0,8
2025-09-04,paid_social,114340.73999999999,600259,10952,830.0,14.0,72545.92,3,0,8
2025-09-04,referral,29603.43,120364,2491,181.0,3.0,20271.969999999998,3,0,8
2025-09-04,search,138165.52,602546,16937,893.0,30.0,187850.52,3,0,8
2025-09-05,email,17442.2,294936,2939,231.0,7.0,36270.28,4,0,9
2025-09-05,organic,5035.7,704358,6924,523.0,7.0,37324.33,4,0,9
2025-09-05,paid_social,111684.77,588514,9205,747.0,12.0,72056.23,4,0,9
2025-09-05,referral,31389.22,113405,2057,166.0,5.0,40360.759999999995,4,0,9
2025-09-05,search,143516.35,675022,19657,1044.0,31.0,216123.85,4,0,9
2025-09-06,email,16996.15,233215,2937,279.0,12.0,69965.92000000001,5,0,9
2025-09-06,organic,4319.55,812115,7414,597.0,6.0,31558.010000000002,5,0,9
2025-09-06,paid_social,145436.78,742390,12432,1006.0,10.0,49659.740000000005,5,0,9
2025-09-06,referral,30039.22,93179,2268,188.0,3.0,29376.22,5,0,9
2025-09-06,search,174477.51,772467,20736,1120.0,20.0,172512.64,5,0,9
2025-09-07,email,18810.88,333827,4611,460.0,15.0,93466.48,6,0,9
2025-09-07,organic,5069.3,706358,7955,741.0,13.0,54485.64,6,0,9
2025-09-07,paid_social,169294.54,903603,18002,1120.0,15.0,92914.17,6,0,9
2025-09-07,referral,29532.27,106055,2165,171.0,3.0,20437.5,6,0,9
2025-09-07,search,169562.49,745803,21909,1120.0,35.0,238933.59,6,0,9
2025-09-08,email,16621.55,301797,3346,255.0,13.0,131996.22,0,0,9
2025-09-08,organic,4542.88,636122,7388,584.0,8.0,66367.53,0,0,9
2025-09-08,paid_social,117337.32,652517,11053,870.0,12.0,79402.76999999999,0,0,9
2025-09-08,referral,28730.53,86422,1660,129.0,6.0,61559.170000000006,0,0,9
2025-09-08,search,150271.73,683052,19932,1012.0,30.0,185118.41,0,0,9
2025-09-09,email,14928.94,267687,3046,269.0,18.0,96453.55000000002,1,0,9
2025-09-09,organic,4001.8,617302,6429,493.0,6.0,48917.54,1,0,9
2025-09-09,paid_social,126728.16,644620,11698,837.0,11.0,74441.67,1,0,9
2025-09-09,referral,27668.95,116364,2145,181.0,4.0,20723.88,1,0,9
2025-09-09,search,138955.38,604678,19397,983.0,28.0,159747.67,1,0,9
2025-09-10,email,14351.99,281745,3423,317.0,13.0,64414.56,2,0,9
2025-09-10,organic,3406.33,599840,5641,473.0,9.0,81305.39,2,0,9
2025-09-10,paid_social,109178.94,557335,10431,850.0,17.0,102990.5,2,0,9
2025-09-10,referral,28756.52,131045,2864,217.0,4.0,29218.71,2,0,9
2025-09-10,search,149171.13,646086,15384,932.0,39.0,274416.03,2,0,9
2025-09-11,email,17255.36,321436,4303,345.0,20.0,155421.05000000002,3,0,9
2025-09-11,organic,4174.46,637056,6200,522.0,13.0,68030.93,3,0,9
2025-09-11,paid_social,112581.81,611054,10828,874.0,22.0,121488.1,3,0,9
2025-09-11,referral,31668.16,134162,2725,224.0,8.0,59644.97,3,0,9
2025-09-11,search,149228.76,630198,14604,864.0,26.0,152804.19,3,0,9
2025-09-12,email,18542.67,268827,3685,328.0,17.0,115638.14,4,0,10
2025-09-12,organic,4477.57,708960,6198,549.0,4.0,17245.32,4,0,10
2025-09-12,paid_social,143337.99,801528,15474,1046.0,20.0,119241.62,4,0,10
2025-09-12,referral,29140.3,111351,2127,210.0,5.0,39481.82,4,0,10
2025-09-12,search,157101.89,652736,16603,1114.0,30.0,234711.66,4,0,10
2025-09-13,email,17601.170000000002,344916,4798,416.0,19.0,171133.41,5,0,10
2025-09-13,organic,4675.28,779302,8044,639.0,10.0,74455.68,5,0,10
2025-09-13,paid_social,134767.51,702342,10754,823.0,9.0,49118.09,5,0,10
2025-09-13,referral,32228.850000000002,112928,2460,204.0,6.0,40214.93,5,0,10
2025-09-13,search,152510.01,648269,19346,1100.0,34.0,249178.40999999997,5,0,10
2025-09-14,email,18980.7,323741,3531,326.0,11.0,68796.33,6,0,10
2025-09-14,organic,4697.92,650937,6513,551.0,9.0,64589.97,6,0,10
2025-09-14,paid_social,135982.34,729249,11993,899.0,13.0,62920.32,6,0,10
2025-09-14,referral,32576.52,97315,1763,160.0,4.0,18925.059999999998,6,0,10
2025-09-14,search,171608.1,716571,21664,1075.0,30.0,200519.77,6,0,10
2025-09-15,email,16136.86,361572,3723,305.0,15.0,114561.20999999999,0,0,10
2025-09-15,organic,3539.46,652533,6980,510.0,11.0,54531.89,0,0,10
2025-09-15,paid_social,137664.59,728733,14106,979.0,13.0,71207.59,0,0,10
2025-09-15,referral,28071.73,121813,2383,188.0,9.0,55562.45,0,0,10
2025-09-15,search,173536.97999999998,731749,22655,1092.0,31.0,237382.32,0,0,10
2025-09-16,email,16811.3,223597,2236,171.0,5.0,37461.810000000005,1,0,10
2025-09-16,organic,4422.36,583792,6353,536.0,11.0,68557.89,1,0,10
2025-09-16,paid_social,124588.05,650937,12632,849.0,11.0,58457.41,1,0,10
2025-09-16,referral,29974.54,138651,2705,200.0,7.0,37179.26,1,0,10
2025-09-16,search,140832.38,629950,18346,1089.0,27.0,162823.91,1,0,10
2025-09-17,email,16191.94,307381,3176,279.0,14.0,83154.43,2,0,10
2025-09-17,organic,3931.7,568424,6958,580.0,7.0,37638.48,2,0,10
2025-09-17,paid_social,106389.86,631726,11012,948.0,9.0,57387.09,2,0,10
2025-09-17,referral,28057.54,145903,3353,294.0,13.0,96120.97,2,0,10
2025-09-17,search,145887.35,638103,19153,1050.0,27.0,170054.29,2,0,10
2025-09-18,email,16190.59,295394,3949,345.0,8.0,51179.71000000001,3,0,10
2025-09-18,organic,3835.32,705048,8430,749.0,10.0,57764.84,3,0,10
2025-09-18,paid_social,122448.85,639045,10141,816.0,13.0,73649.59000000001,3,0,10
2025-09-18,referral,27194.93,130226,2839,267.0,9.0,74500.92,3,0,10
2025-09-18,search,144585.87,610050,17958,1003.0,28.0,198397.86,3,0,10
2025-09-19,email,19416.7,334534,4030,384.0,20.0,117983.84,4,0,11
2025-09-19,organic,4014.88,682647,6334,459.0,4.0,13583.14,4,0,11
2025-09-19,paid_social,118687.73999999999,616774,11460,961.0,15.0,70637.87,4,0,11
2025-09-19,referral,32532.2,110930,2354,180.0,3.0,15113.240000000002,4,0,11
2025-09-19,search,155440.02,701219,19796,973.0,31.0,166470.88,4,0,11
2025-09-20,email,20188.26,279483,3193,289.0,9.0,43788.3,5,0,11
2025-09-20,organic,4606.5,788446,8257,791.0,16.0,99688.79000000001,5,0,11
2025-09-20,paid_social,131130.03,694710,11892,860.0,8.0,36319.37,5,0,11
2025-09-20,referral,29769.59,126782,2309,196.0,3.0,27062.68,5,0,11
2025-09-20,search,177280.8,801332,17813,970.0,20.0,146375.88,5,0,11
2025-09-21,email,20108.9,311786,3521,348.0,13.0,75646.39,6,0,11
2025-09-21,organic,5220.99,759863,7274,652.0,11.0,71559.31999999999,6,0,11
2025-09-21,paid_social,134649.06,707932,13591,995.0,13.0,71521.33,6,0,11
2025-09-21,referral,29915.09,120114,1971,187.0,7.0,41463.44,6,0,11
2025-09-21,search,170444.53999999998,726900,18963,1084.0,26.0,162699.48,6,0,11
2025-09-22,email,13990.38,305416,3688,354.0,16.0,97650.27,0,0,11
2025-09-22,organic,3841.65,717590,7735,634.0,8.0,46430.67,0,0,11
2025-09-22,paid_social,126283.9,651536,11239,885.0,12.0,79998.67000000001,0,0,11
2025-09-22,referral,33203.78,105566,1947,174.0,1.0,21513.26,0,0,11
2025-09-22,search,146168.63,638505,17387,1006.0,34.0,212076.08000000002,0,0,11
2025-09-23,email,14841.34,330698,3862,309.0,14.0,75033.25,1,0,11
2025-09-23,organic,3999.95,601409,5730,486.0,3.0,26502.409999999996,1,0,11
2025-09-23,paid_social,123129.92,659415,11956,884.0,10.0,60497.60999999999,1,0,11
2025-09-23,referral,31303.65,127139,2131,167.0,10.0,80831.82,1,0,11
2025-09-23,search,140016.63,615786,16277,1098.0,33.0,222844.25,1,0,11
2025-09-24,email,16876.07,289010,3243,285.0,10.0,59065.990000000005,2,0,11
2025-09-24,organic,4401.64,661455,7882,626.0,11.0,76339.08,2,0,11
2025-09-24,paid_social,125345.81,629722,12049,850.0,18.0,97475.97,2,0,11
2025-09-24,referral,29810.74,125419,2598,211.0,8.0,52912.81999999999,2,0,11
2025-09-24,search,123426.23,551543,14920,1003.0,29.0,195242.83000000002,2,0,11
2025-09-25,email,19619.28,379685,3854,352.0,18.0,126391.64,3,0,11
2025-09-25,organic,4181.51,613790,6850,525.0,6.0,31508.09,3,0,11
2025-09-25,paid_social,144208.08000000002,791022,15056,1027.0,17.0,124663.58,3,0,11
2025-09-25,referral,27968.81,127994,2821,245.0,5.0,40590.75,3,0,11
2025-09-25,search,139853.86000000002,635017,17094,912.0,16.0,132650.3,3,0,11
2025-09-26,email,14720.32,308006,2851,208.0,7.0,52675.33,4,0,12
2025-09-26,organic,4795.4400000000005,666656,5666,438.0,9.0,44889.41,4,0,12
2025-09-26,paid_social,142604.7,757284,12904,923.0,15.0,95009.12,4,0,12
2025-09-26,referral,27372.01,99223,1955,155.0,7.0,61897.840000000004,4,0,12
2025-09-26,search,164276.28,732096,18918,1118.0,41.0,265103.72000000003,4,0,12
2025-09-27,email,17883.24,330787,3810,338.0,17.0,101397.94,5,0,12
2025-09-27,organic,4384.01,541584,4097,421.0,10.0,43162.59,5,0,12
2025-09-27,paid_social,141402.71,739126,13309,942.0,13.0,65151.35,5,0,12
2025-09-27,referral,27749.54,132101,2548,212.0,10.0,82087.84000000001,5,0,12
2025-09-27,search,178596.03,824540,24743,1112.0,33.0,218852.62,5,0,12
2025-09-28,email,18442.83,328918,3610,318.0,16.0,106645.81000000001,6,0,12
2025-09-28,organic,3829.17,800197,8316,661.0,14.0,97819.16,6,0,12
2025-09-28,paid_social,140960.43,765535,14834,1074.0,16.0,96023.69,6,0,12
2025-09-28,referral,28661.63,107042,1675,152.0,2.0,7734.66,6,0,12
2025-09-28,search,179588.66,779288,18858,1103.0,31.0,232255.59,6,0,12
2025-09-29,email,17429.760000000002,348021,3706,285.0,6.0,37038.020000000004,0,0,12
2025-09-29,organic,4507.01,625070,6152,501.0,10.0,65032.619999999995,0,0,12
2025-09-29,paid_social,120897.16,649726,12988,942.0,19.0,115799.92,0,0,12
2025-09-29,referral,28935.64,115774,2491,216.0,0.0,0.0,0,0,12
2025-09-29,search,172110.28,752967,20422,1071.0,26.0,134817.19,0,0,12
2025-09-30,email,15361.57,229765,2925,250.0,10.0,41579.45,1,0,12
2025-09-30,organic,4122.41,566491,5973,465.0,8.0,44032.96,1,0,12
2025-09-30,paid_social,124166.78,655960,10417,755.0,8.0,31956.39,1,0,12
2025-09-30,referral,26698.64,118472,1745,144.0,2.0,18923.32,1,0,12
2025-09-30,search,119408.3,521604,15391,1050.0,48.0,276734.87,1,0,12
2025-10-01,email,16619.75,392267,5947,527.0,20.0,130147.78,2,0,12
2025-10-01,organic,3363.33,665254,7060,505.0,6.0,38237.0,2,0,12
2025-10-01,paid_social,128373.17,686174,11505,949.0,19.0,107682.34000000001,2,0,12
2025-10-01,referral,26215.8,142964,2751,236.0,9.0,76178.1,2,0,12
2025-10-01,search,157823.61,647910,14914,964.0,26.0,148364.47,2,0,12
2025-10-02,email,19104.09,302735,3748,260.0,8.0,43608.21,3,0,12
2025-10-02,organic,4065.12,693022,4665,405.0,4.0,32208.710000000003,3,0,12
2025-10-02,paid_social,129355.84,635801,11782,884.0,12.0,81372.82,3,0,12
2025-10-02,referral,31909.15,127329,2780,232.0,5.0,39471.38,3,0,12
2025-10-02,search,156252.36,693570,19746,1060.0,32.0,193041.37,3,0,12
2025-10-03,email,20179.77,286228,4613,372.0,20.0,119759.49,4,0,13
2025-10-03,organic,4012.85,656165,5415,413.0,13.0,93706.06,4,0,13
2025-10-03,paid_social,148133.8,752835,13974,1031.0,18.0,65432.1,4,0,13
2025-10-03,referral,32483.23,149984,2615,201.0,10.0,64485.06,4,0,13
2025-10-03,search,153731.31,673911,19488,1102.0,33.0,212651.34,4,0,13
2025-10-04,email,17452.35,292720,4277,391.0,18.0,103984.37,5,0,13
2025-10-04,organic,4700.9400000000005,699783,4288,370.0,11.0,60380.81,5,0,13
2025-10-04,paid_social,127609.16,662401,10824,770.0,14.0,88842.75,5,0,13
2025-10-04,referral,33781.15,119299,2250,216.0,6.0,48832.31,5,0,13
2025-10-04,search,171700.47,744550,22143,1083.0,34.0,239755.88999999998,5,0,13
2025-10-05,email,19014.1,320261,3644,356.0,14.0,101151.32,6,0,13
2025-10-05,organic,4727.74,769280,8944,820.0,10.0,67046.31999999999,6,0,13
2025-10-05,paid_social,139819.8,712333,13380,981.0,19.0,114883.61,6,0,13
2025-10-05,referral,32778.65,131464,3108,309.0,8.0,52808.14,6,0,13
2025-10-05,search,174554.30000000002,760097,24182,1111.0,31.0,208177.87,6,0,13
2025-10-06,email,18139.670000000002,252426,3583,292.0,13.0,70659.85,0,0,13
2025-10-06,organic,4645.2,717460,6256,488.0,9.0,60292.060000000005,0,0,13
2025-10-06,paid_social,126641.78,637140,11394,897.0,11.0,67686.45999999999,0,0,13
2025-10-06,referral,31657.95,108833,2246,202.0,4.0,30094.379999999997,0,0,13
2025-10-06,search,148917.74,635818,17874,1057.0,37.0,231311.8,0,0,13
2025-10-07,email,19900.28,334579,2987,299.0,20.0,138300.97,1,1,13
2025-10-07,organic,5312.37,642678,6292,598.0,9.0,60973.869999999995,1,1,13
2025-10-07,paid_social,163377.46,870189,15747,1112.0,25.0,178688.74,1,1,13
2025-10-07,referral,35526.35,135302,2631,252.0,12.0,94891.11,1,1,13
2025-10-07,search,192374.93,809791,24405,1120.0,33.0,168631.31,1,1,13
2025-10-08,email,15345.99,268838,3676,302.0,12.0,73514.09,2,0,13
2025-10-08,organic,3811.49,615429,7095,585.0,5.0,32346.03,2,0,13
2025-10-08,paid_social,115664.07,674625,11483,816.0,16.0,110780.81,2,0,13
2025-10-08,referral,26883.18,104310,2046,158.0,7.0,47951.07,2,0,13
2025-10-08,search,149139.55,664194,18054,1082.0,23.0,163008.12,2,0,13
2025-10-09,email,16520.14,350312,4676,405.0,13.0,84620.58,3,0,13
2025-10-09,organic,4174.68,612722,6031,548.0,9.0,59517.11,3,0,13
2025-10-09,paid_social,127146.39,664180,11000,778.0,16.0,104834.87,3,0,13
2025-10-09,referral,31066.71,94895,1632,132.0,3.0,24881.07,3,0,13
2025-10-09,search,155146.68,663270,16566,1037.0,37.0,294875.95,3,0,13
2025-10-10,email,17550.809999999998,318552,3577,351.0,14.0,90613.29,4,0,14
2025-10-10,organic,5069.08,635460,4924,426.0,8.0,44631.35,4,0,14
2025-10-10,paid_social,123495.07,635501,11219,789.0,9.0,63384.880000000005,4,0,14
2025-10-10,referral,34298.68,120263,2438,208.0,12.0,60410.479999999996,4,0,14
2025-10-10,search,162132.04,719686,19395,1061.0,28.0,178530.1,4,0,14
2025-10-11,email,22047.32,230169,2496,236.0,4.0,30047.45,5,0,14
2025-10-11,organic,4867.54,670693,6355,607.0,9.0,59242.08,5,0,14
2025-10-11,paid_social,150033.72,793613,16124,1120.0,13.0,77476.25,5,0,14
2025-10-11,referral,34502.49,122290,2573,220.0,2.0,15564.64,5,0,14
2025-10-11,search,193418.97,828360,21743,1092.0,26.0,173500.22999999998,5,0,14
2025-10-12,email,20970.96,379991,4380,339.0,14.0,67690.32,6,0,14
2025-10-12,organic,4974.9400000000005,720202,6961,567.0,9.0,82556.58,6,0,14
2025-10-12,paid_social,148141.35,797675,15657,1041.0,15.0,112035.61,6,0,14
2025-10-12,referral,33100.6,126640,2561,243.0,6.0,36070.74,6,0,14
2025-10-12,search,167597.13,727468,20960,1107.0,26.0,174507.73,6,0,14
2025-10-13,email,17241.45,332476,3776,277.0,10.0,53422.56,0,0,14
2025-10-13,organic,4665.11,595605,5061,462.0,8.0,50890.58,0,0,14
2025-10-13,paid_social,124390.95000000001,663833,10985,807.0,12.0,82051.09,0,0,14
2025-10-13,referral,28407.96,123034,2687,199.0,4.0,42905.18,0,0,14
2025-10-13,search,150094.51,629056,17699,1070.0,37.0,237493.95,0,0,14
2025-10-14,email,18704.64,355437,4083,375.0,11.0,55686.3,1,0,14
2025-10-14,organic,4403.49,604155,4493,360.0,10.0,61310.53,1,0,14
2025-10-14,paid_social,114608.28,602816,8194,717.0,10.0,50430.97,1,0,14
2025-10-14,referral,27232.16,100310,1883,193.0,12.0,73722.52,1,0,14
2025-10-14,search,152085.43,648068,19645,1068.0,33.0,230822.36,1,0,14
2025-10-15,email,16912.59,293849,2819,249.0,8.0,49713.15,2,0,14
2025-10-15,organic,4485.52,652225,6806,555.0,8.0,57677.82,2,0,14
2025-10-15,paid_social,122865.6,637155,11651,930.0,21.0,110130.61,2,0,14
2025-10-15,referral,28699.7,120232,2080,180.0,11.0,59874.35,2,0,14
2025-10-15,search,138892.17,705233,18505,1061.0,28.0,166198.91,2,0,14
2025-10-16,email,17737.69,349011,4812,362.0,15.0,95678.59,3,0,14
2025-10-16,organic,3958.36,616736,6477,507.0,13.0,89133.23000000001,3,0,14
2025-10-16,paid_social,139043.93,721724,14375,1010.0,13.0,73521.23,3,0,14
2025-10-16,referral,30475.96,104726,2123,179.0,4.0,33643.39,3,0,14
2025-10-16,search,142323.24,614292,18169,1060.0,26.0,186251.59,3,0,14
2025-10-17,email,17644.23,349639,4911,392.0,18.0,151583.36000000002,4,0,15
2025-10-17,organic,4561.99,731380,8944,675.0,8.0,40168.479999999996,4,0,15
2025-10-17,paid_social,138298.15,744567,14515,976.0,14.0,73205.99,4,0,15
2025-10-17,referral,33620.66,149671,2924,261.0,5.0,36110.06999999999,4,0,15
2025-10-17,search,180026.28,765992,19270,1090.0,27.0,164378.14,4,0,15
2025-10-18,email,20681.52,299096,3995,383.0,10.0,91058.34,5,0,15
2025-10-18,organic,4370.42,670920,6206,577.0,16.0,89903.01,5,0,15
2025-10-18,paid_social,146720.0,758668,13679,967.0,22.0,133350.45,5,0,15
2025-10-18,referral,33299.240000000005,105225,2148,183.0,7.0,54257.97,5,0,15
2025-10-18,search,148465.74,688160,17592,1120.0,31.0,228221.80000000002,5,0,15
2025-10-19,email,19655.68,352920,5085,511.0,18.0,119255.59,6,0,15
2025-10-19,organic,4494.61,650456,6166,548.0,9.0,63189.21,6,0,15
2025-10-19,paid_social,149135.53,799191,14678,1006.0,16.0,85980.26,6,0,15
2025-10-19,referral,34003.17,97325,1455,141.0,0.0,0.0,6,0,15
2025-10-19,search,183186.47,788624,26006,1110.0,28.0,182581.37,6,0,15
2025-10-20,email,18816.309999999998,286094,3532,295.0,13.0,74509.81,0,0,15
2025-10-20,organic,4508.43,587998,5682,404.0,6.0,37116.04,0,0,15
2025-10-20,paid_social,103468.13,544731,10182,726.0,14.0,60808.31,0,0,15
2025-10-20,referral,30706.57,121745,2328,188.0,3.0,16475.57,0,0,15
2025-10-20,search,149182.4,651778,16464,998.0,27.0,194583.16,0,0,15
2025-10-21,email,15989.07,352171,4491,342.0,7.0,53865.71,1,0,15
2025-10-21,organic,4623.53,721219,6433,493.0,7.0,57576.86,1,0,15
2025-10-21,paid_social,115997.16,656200,11736,853.0,19.0,100286.47,1,0,15
2025-10-21,referral,27782.239999999998,109384,2028,189.0,4.0,18302.46,1,0,15
2025-10-21,search,140023.66,625820,16636,1066.0,29.0,161605.35,1,0,15
2025-10-22,email,16411.42,300851,3955,365.0,15.0,96159.35,2,0,15
2025-10-22,organic,4111.8,689550,8433,587.0,7.0,59430.56,2,0,15
2025-10-22,paid_social,122661.62,624567,9261,706.0,8.0,67425.36,2,0,15
2025-10-22,referral,32476.79,105534,2047,175.0,6.0,18779.14,2,0,15
2025-10-22,search,149880.25,663466,17792,1059.0,26.0,169935.45,2,0,15
2025-10-23,email,23483.8,398597,5428,496.0,29.0,117418.87,3,1,15
2025-10-23,organic,5171.3,506194,4974,483.0,6.0,40831.92,3,1,15
2025-10-23,paid_social,170544.12,934154,18800,1073.0,16.0,58706.14,3,1,15
2025-10-23,referral,40075.14,116294,2107,223.0,7.0,44716.66,3,1,15
2025-10-23,search,204086.95,884818,21771,1116.0,28.0,157403.14,3,1,15
2025-10-24,email,18056.84,327223,3843,347.0,14.0,62871.72,4,0,16
2025-10-24,organic,4455.93,606814,4913,458.0,6.0,36959.11,4,0,16
2025-10-24,paid_social,139323.16999999998,715663,13222,975.0,17.0,100523.3,4,0,16
2025-10-24,referral,36095.9,96690,2351,189.0,7.0,50461.92,4,0,16
2025-10-24,search,148097.25,625447,16191,989.0,30.0,203295.86,4,0,16
2025-10-25,email,19675.73,337196,3696,307.0,13.0,98967.3,5,0,16
2025-10-25,organic,4598.07,785931,7418,698.0,7.0,40278.5,5,0,16
2025-10-25,paid_social,138463.63,698241,13237,1052.0,14.0,94992.49,5,0,16
2025-10-25,referral,28538.559999999998,105935,2149,173.0,4.0,9787.74,5,0,16
2025-10-25,search,150893.48,613177,16781,1037.0,31.0,242838.17,5,0,16
2025-10-26,email,21271.91,266749,3696,345.0,15.0,97133.6,6,0,16
2025-10-26,organic,4602.16,683585,5910,536.0,8.0,50068.89,6,0,16
2025-10-26,paid_social,152694.91,803743,13857,1114.0,17.0,97802.32,6,0,16
2025-10-26,referral,37375.26,117388,2737,304.0,6.0,40709.76,6,0,16
2025-10-26,search,186405.91,802708,23380,1120.0,36.0,279232.26,6,0,16
2025-10-27,email,21863.91,350648,4736,454.0,30.0,148942.51,0,1,16
2025-10-27,organic,5137.01,741844,7745,730.0,22.0,124579.46,0,1,16
2025-10-27,paid_social,179607.21,871430,15971,1008.0,17.0,97027.26999999999,0,1,16
2025-10-27,referral,34961.13,135578,3311,345.0,5.0,18769.48,0,1,16
2025-10-27,search,168326.1,764275,20703,1118.0,35.0,277489.54,0,1,16
2025-10-28,email,16208.45,270946,3161,263.0,9.0,71703.07,1,0,16
2025-10-28,organic,3646.56,711796,6009,479.0,4.0,28555.26,1,0,16
2025-10-28,paid_social,120967.79999999999,629417,13131,930.0,16.0,109577.14000000001,1,0,16
2025-10-28,referral,33048.44,145106,3393,267.0,5.0,18903.3,1,0,16
2025-10-28,search,132125.15,569834,14678,941.0,31.0,248301.09,1,0,16
2025-10-29,email,16030.1,307394,3959,314.0,12.0,67333.13,2,0,16
2025-10-29,organic,4259.06,630271,6095,483.0,8.0,42939.01,2,0,16
2025-10-29,paid_social,124375.29000000001,650215,11590,922.0,20.0,92376.09,2,0,16
2025-10-29,referral,30799.83,136432,2790,234.0,7.0,61889.229999999996,2,0,16
2025-10-29,search,170249.16,728661,21043,1070.0,35.0,244032.44,2,0,16
2025-10-30,email,18228.940000000002,262097,3514,257.0,10.0,62435.130000000005,3,0,16
2025-10-30,organic,3902.1,722930,7010,577.0,7.0,43666.700000000004,3,0,16
2025-10-30,paid_social,149604.14,857818,15936,1090.0,16.0,68444.18,3,0,16
2025-10-30,referral,28936.24,146397,2536,211.0,4.0,22996.379999999997,3,0,16
2025-10-30,search,135744.34,613267,18019,1029.0,33.0,170693.55,3,0,16
2025-10-31,email,16126.23,288907,3410,270.0,10.0,51591.36,4,0,17
2025-10-31,organic,4331.02,777154,6977,539.0,9.0,49344.91,4,0,17
2025-10-31,paid_social,140867.92,731215,13902,994.0,17.0,103615.97,4,0,17
2025-10-31,referral,27058.16,139808,2362,208.0,5.0,41463.18,4,0,17
2025-10-31,search,149790.82,656896,18045,1101.0,29.0,205146.65,4,0,17
2025-11-01,email,24838.489999999998,424438,3610,388.0,18.0,103457.33,5,1,17
2025-11-01,organic,6886.17,575227,5204,591.0,12.0,53787.09,5,1,17
2025-11-01,paid_social,172781.51,949876,17253,1082.0,13.0,72829.15,5,1,17
2025-11-01,referral,44828.14,128648,2919,356.0,7.0,41319.02,5,1,17
2025-11-01,search,210277.67,916805,30446,1120.0,39.0,217402.98,5,1,17
2025-11-02,email,25414.23,253165,3121,401.0,27.0,162101.94,6,1,17
2025-11-02,organic,6155.24,739065,8300,790.0,16.0,112371.87,6,1,17
2025-11-02,paid_social,220518.41999999998,1127654,18541,1120.0,19.0,100013.34,6,1,17
2025-11-02,referral,40901.04,124423,2925,366.0,12.0,62208.52,6,1,17
2025-11-02,search,230258.3,973473,27403,1120.0,38.0,263251.44,6,1,17
2025-11-03,email,20055.36,326448,3616,388.0,13.0,107385.08,0,1,17
2025-11-03,organic,5039.16,686437,7091,738.0,20.0,110394.63,0,1,17
2025-11-03,paid_social,136240.22,710573,14727,1068.0,18.0,124141.82,0,1,17
2025-11-03,referral,40393.3,132572,2377,233.0,8.0,42509.08,0,1,17
2025-11-03,search,205105.08,867949,24618,1102.0,29.0,139600.4,0,1,17
2025-11-04,email,20079.02,349644,4947,475.0,8.0,42344.03,1,1,17
2025-11-04,organic,5693.6,664811,6597,676.0,13.0,70261.45,1,1,17
2025-11-04,paid_social,163317.47,862786,15327,1043.0,22.0,113124.38,1,1,17
2025-11-04,referral,39732.700000000004,138100,2962,307.0,16.0,86754.0,1,1,17
2025-11-04,search,183152.99,798820,20161,1071.0,38.0,289326.83,1,1,17
2025-11-05,email,20801.57,339196,3418,313.0,11.0,76508.47,2,1,17
2025-11-05,organic,4897.84,691562,6278,505.0,6.0,29256.129999999997,2,1,17
2025-11-05,paid_social,143145.99,785349,14071,1009.0,16.0,81767.81999999999,2,1,17
2025-11-05,referral,31997.87,134110,3073,313.0,7.0,39113.3,2,1,17
2025-11-05,search,190994.94,871297,26591,1120.0,38.0,205093.82,2,1,17
2025-11-06,email,23211.8,362366,4815,513.0,23.0,144590.32,3,1,17
2025-11-06,organic,5347.95,665339,5583,558.0,16.0,97213.39,3,1,17
2025-11-06,paid_social,154588.6,818371,13929,1088.0,26.0,105103.25,3,1,17
2025-11-06,referral,36063.67,136463,2192,205.0,3.0,10495.68,3,1,17
2025-11-06,search,199365.34,836885,23320,1083.0,36.0,244379.38999999998,3,1,17
2025-11-07,email,22057.68,351306,4499,510.0,31.0,227279.15,4,1,18
2025-11-07,organic,6034.01,757698,7950,731.0,13.0,62557.94,4,1,18
2025-11-07,paid_social,172500.23,913819,15036,1051.0,30.0,154252.0,4,1,18
2025-11-07,referral,39280.45,126650,2692,260.0,13.0,76567.56999999999,4,1,18
2025-11-07,search,199005.9,836391,23439,1120.0,27.0,158200.5,4,1,18
2025-11-08,email,21491.81,273353,3363,328.0,13.0,73342.17,5,0,18
2025-11-08,organic,4638.53,786717,8877,753.0,9.0,54596.96,5,0,18
2025-11-08,paid_social,149416.71,830563,14791,1055.0,18.0,128985.88,5,0,18
2025-11-08,referral,30654.7,117322,2295,226.0,6.0,24520.71,5,0,18
2025-11-08,search,142249.22,627543,17616,1013.0,34.0,271607.26,5,0,18
2025-11-09,email,19435.49,308087,2963,315.0,16.0,94416.31,6,0,18
2025-11-09,organic,4481.49,697394,7148,698.0,9.0,45963.2,6,0,18
2025-11-09,paid_social,143776.44,769999,14614,1185.0,24.0,118892.67,6,0,18
2025-11-09,referral,34054.01,127203,2830,292.0,8.0,56422.79,6,0,18
2025-11-09,search,172366.5,731567,22471,1109.0,32.0,204084.03000000003,6,0,18
2025-11-10,email,16841.7,229467,3083,265.0,13.0,57735.2,0,0,18
2025-11-10,organic,4193.06,642584,7166,531.0,9.0,55977.73,0,0,18
2025-11-10,paid_social,124230.79999999999,649921,9676,840.0,18.0,111281.75,0,0,18
2025-11-10,referral,27509.8,102911,2192,171.0,7.0,36355.75,0,0,18
2025-11-10,search,138856.77,599804,17320,1056.0,32.0,199010.28999999998,0,0,18
2025-11-11,email,17257.27,257098,3528,294.0,8.0,56147.39,1,0,18
2025-11-11,organic,5457.27,620054,6263,516.0,10.0,80146.49,1,0,18
2025-11-11,paid_social,139457.78,699825,14447,1042.0,22.0,145927.53,1,0,18
2025-11-11,referral,29042.35,133271,2691,224.0,6.0,59262.44,1,0,18
2025-11-11,search,148628.11,622538,17991,1062.0,31.0,183783.2,1,0,18
2025-11-12,email,15003.3,295922,3472,290.0,11.0,54394.53,2,0,18
2025-11-12,organic,5197.5,599957,5947,490.0,3.0,15970.59,2,0,18
2025-11-12,paid_social,142065.69,747839,13395,888.0,17.0,95389.18,2,0,18
2025-11-12,referral,28189.41,121689,2402,196.0,9.0,57623.7,2,0,18
2025-11-12,search,145645.88,662843,18739,1000.0,31.0,213295.3,2,0,18
2025-11-13,email,17992.71,369648,4139,345.0,13.0,101960.25,3,0,18
2025-11-13,organic,4710.72,663054,6974,576.0,7.0,41396.44,3,0,18
2025-11-13,paid_social,122395.3,654783,11274,796.0,11.0,66623.0,3,0,18
2025-11-13,referral,28530.86,81995,1734,168.0,5.0,42560.38,3,0,18
2025-11-13,search,141270.74,644972,15987,1076.0,33.0,264725.54,3,0,18
2025-11-14,email,17299.920000000002,301118,3409,286.0,5.0,25425.79,4,0,19
2025-11-14,organic,5088.09,837412,9814,772.0,6.0,58941.85,4,0,19
2025-11-14,paid_social,106949.6,676233,12298,952.0,11.0,61768.59,4,0,19
2025-11-14,referral,34089.09,143213,2945,262.0,5.0,35510.17,4,0,19
2025-11-14,search,178856.35,782280,25120,1120.0,43.0,332781.62,4,0,19
2025-11-15,email,22411.440000000002,332615,3895,332.0,9.0,62077.91,5,0,19
2025-11-15,organic,4663.29,823469,6525,653.0,3.0,22399.76,5,0,19
2025-11-15,paid_social,146886.38,818005,12476,970.0,10.0,61731.619999999995,5,0,19
2025-11-15,referral,36730.79,88573,1590,162.0,1.0,2514.33,5,0,19
2025-11-15,search,172251.99,703871,19887,1038.0,33.0,246572.59999999998,5,0,19
2025-11-16,email,16632.579999999998,336919,3357,342.0,17.0,121120.01000000001,6,0,19
2025-11-16,organic,5293.33,728650,8429,710.0,13.0,67615.77,6,0,19
2025-11-16,paid_social,158562.43,871503,16745,1047.0,15.0,96121.06000000001,6,0,19
2025-11-16,referral,42607.64,133607,3002,281.0,13.0,84070.93,6,0,19
2025-11-16,search,182343.79,783059,22731,1120.0,32.0,189969.91999999998,6,0,19
2025-11-17,email,17827.85,259262,3395,260.0,11.0,65024.46000000001,0,0,19
2025-11-17,organic,3861.43,629650,7104,579.0,13.0,64511.43,0,0,19
2025-11-17,paid_social,141390.6,744996,14659,944.0,14.0,112843.47,0,0,19
2025-11-17,referral,32110.25,131682,2613,236.0,10.0,74598.79000000001,0,0,19
2025-11-17,search,157330.91,734438,21013,1070.0,30.0,228590.11,0,0,19
2025-11-18,email,16820.32,321794,3639,301.0,15.0,103245.48,1,0,19
2025-11-18,organic,4405.52,638376,5814,470.0,13.0,86490.41,1,0,19
2025-11-18,paid_social,131324.42,684429,9705,798.0,11.0,55172.58,1,0,19
2025-11-18,referral,22650.86,108984,2125,154.0,6.0,48892.15,1,0,19
2025-11-18,search,146463.95,658827,17583,1079.0,39.0,242750.76,1,0,19
2025-11-19,email,18925.54,357508,5195,458.0,22.0,156244.97,2,0,19
2025-11-19,organic,4222.610000000001,703020,5166,422.0,9.0,50348.65,2,0,19
2025-11-19,paid_social,101601.26,747646,12178,931.0,13.0,88277.58,2,0,19
2025-11-19,referral,25003.09,111465,2629,223.0,8.0,46956.020000000004,2,0,19
2025-11-19,search,151026.24,690469,19317,1074.0,32.0,196658.78,2,0,19
2025-11-20,email,18857.83,275632,3789,294.0,12.0,65619.34,3,0,19
2025-11-20,organic,3653.94,653235,6779,552.0,8.0,51939.55,3,0,19
2025-11-20,paid_social,133263.13,704793,11937,862.0,11.0,36571.3,3,0,19
2025-11-20,referral,31491.28,126625,2638,208.0,5.0,31683.93,3,0,19
2025-11-20,search,182486.75,802029,19786,1078.0,27.0,224932.37,3,0,19
2025-11-21,email,20238.82,287648,3002,295.0,10.0,40115.41,4,0,20
2025-11-21,organic,4253.23,740261,6366,542.0,12.0,86793.09999999999,4,0,20
2025-11-21,paid_social,136520.1,741224,13488,928.0,8.0,35612.35,4,0,20
2025-11-21,referral,32805.37,86214,1622,170.0,3.0,14907.49,4,0,20
2025-11-21,search,152887.83,644070,17054,1070.0,25.0,207491.28,4,0,20
2025-11-22,email,19039.16,278809,3317,325.0,14.0,100142.82,5,0,20
2025-11-22,organic,5036.02,889235,8187,715.0,9.0,52930.12,5,0,20
2025-11-22,paid_social,156137.78999999998,817304,16172,1000.0,26.0,185123.57,5,0,20
2025-11-22,referral,39444.64,108415,1948,168.0,8.0,74511.01999999999,5,0,20
2025-11-22,search,174324.02,750008,23045,1120.0,37.0,233248.33000000002,5,0,20
2025-11-23,email,19425.0,313501,3378,332.0,20.0,155593.97,6,0,20
2025-11-23,organic,5685.98,702523,6748,636.0,9.0,47225.880000000005,6,0,20
2025-11-23,paid_social,155467.73,817130,14844,1056.0,16.0,86605.44,6,0,20
2025-11-23,referral,36595.28,82010,1944,188.0,7.0,64301.94,6,0,20
2025-11-23,search,181893.22999999998,780316,24099,1120.0,26.0,187321.41,6,0,20
2025-11-24,email,17849.53,272288,2488,223.0,10.0,68459.31,0,0,20
2025-11-24,organic,4094.76,763265,7849,741.0,12.0,41624.24,0,0,20
2025-11-24,paid_social,142600.95,753492,13570,888.0,18.0,95919.74999999999,0,0,20
2025-11-24,referral,28358.79,112533,2361,228.0,5.0,35177.61,0,0,20
2025-11-24,search,146051.52,613160,14995,964.0,28.0,200313.67,0,0,20
2025-11-25,email,18670.56,296447,3671,286.0,8.0,23418.829999999998,1,0,20
2025-11-25,organic,4695.24,793400,7917,673.0,17.0,107558.76999999999,1,0,20
2025-11-25,paid_social,96364.51,568552,10579,873.0,15.0,88667.72,1,0,20
2025-11-25,referral,26199.78,124416,1707,133.0,5.0,27731.84,1,0,20
2025-11-25,search,146464.62,665575,21712,1083.0,27.0,168525.53,1,0,20
2025-11-26,email,16309.74,298405,3661,344.0,15.0,104033.59,2,0,20
2025-11-26,organic,3751.52,697522,5570,494.0,5.0,44305.909999999996,2,0,20
2025-11-26,paid_social,126578.88,648812,11949,925.0,20.0,117771.98999999999,2,0,20
2025-11-26,referral,28104.06,111836,2490,238.0,6.0,43687.43,2,0,20
2025-11-26,search,163160.64,699490,19425,1047.0,29.0,203755.88,2,0,20
2025-11-27,email,17072.54,287262,3018,288.0,19.0,130230.84,3,0,20
2025-11-27,organic,3673.0299999999997,697593,6455,498.0,6.0,35540.53,3,0,20
2025-11-27,paid_social,120858.56999999999,649276,9610,773.0,14.0,86867.37,3,0,20
2025-11-27,referral,28063.31,97575,2197,180.0,5.0,34917.1,3,0,20
2025-11-27,search,154942.62,653669,20291,1099.0,41.0,269499.63,3,0,20
2025-11-28,email,16788.71,312578,4362,340.0,12.0,78518.01999999999,4,0,21
2025-11-28,organic,3857.23,651040,6758,571.0,6.0,35255.9,4,0,21
2025-11-28,paid_social,121025.8,637656,11203,785.0,14.0,70839.72,4,0,21
2025-11-28,referral,29057.67,138816,2895,273.0,13.0,93635.47,4,0,21
2025-11-28,search,151320.13,648776,18368,1004.0,34.0,276373.27,4,0,21
2025-11-29,email,13641.79,295323,3700,351.0,15.0,129638.07,5,0,21
2025-11-29,organic,4610.1900000000005,722921,7460,669.0,8.0,43574.78,5,0,21
2025-11-29,paid_social,155045.34,758734,12721,1010.0,13.0,65131.39,5,0,21
2025-11-29,referral,37612.08,147235,2810,270.0,11.0,73679.89,5,0,21
2025-11-29,search,174621.82,734438,19317,1120.0,46.0,344822.78,5,0,21
2025-11-30,email,22664.34,284424,3917,385.0,12.0,76314.83,6,0,21
2025-11-30,organic,5207.97,783807,7397,751.0,11.0,50891.43,6,0,21
2025-11-30,paid_social,156224.35,809936,14524,1035.0,18.0,92636.06,6,0,21
2025-11-30,referral,37176.36,168578,3967,360.0,8.0,58345.36,6,0,21
2025-11-30,search,191358.07,874456,25541,1093.0,41.0,293167.66000000003,6,0,21
2025-12-01,email,16384.27,285123,4071,361.0,13.0,62120.18,0,0,21
2025-12-01,organic,4700.5599999999995,680554,7435,614.0,17.0,76733.65,0,0,21
2025-12-01,paid_social,111298.9,575723,12552,863.0,12.0,69995.74,0,0,21
2025-12-01,referral,31183.79,135620,3023,264.0,10.0,61033.22,0,0,21
2025-12-01,search,167999.32,722520,18750,1036.0,35.0,240166.71,0,0,21
2025-12-02,email,18194.88,322059,3551,301.0,20.0,143716.78,1,0,21
2025-12-02,organic,4912.889999999999,748022,9304,663.0,7.0,42563.259999999995,1,0,21
2025-12-02,paid_social,133123.99,675547,11784,846.0,7.0,38463.75,1,0,21
2025-12-02,referral,26900.53,139667,2156,179.0,6.0,47392.19,1,0,21
2025-12-02,search,160881.67,699944,19359,1086.0,21.0,148697.49,1,0,21
2025-12-03,email,17379.14,287957,3552,293.0,17.0,99903.95,2,0,21
2025-12-03,organic,3705.66,698640,6638,538.0,6.0,34282.119999999995,2,0,21
2025-12-03,paid_social,138747.82,729996,13802,956.0,17.0,118033.78,2,0,21
2025-12-03,referral,28845.1,110593,2287,190.0,4.0,38370.76,2,0,21
2025-12-03,search,170740.58000000002,691698,19710,1066.0,21.0,127307.3,2,0,21
2025-12-04,email,16329.83,173513,2350,215.0,10.0,62357.5,3,0,21
2025-12-04,organic,3648.33,828864,7603,632.0,11.0,52749.990000000005,3,0,21
2025-12-04,paid_social,141806.23,703739,13971,1026.0,24.0,128479.91,3,0,21
2025-12-04,referral,30976.28,116806,2262,187.0,10.0,54602.2,3,0,21
2025-12-04,search,185178.13,759382,20733,1068.0,33.0,234332.27,3,0,21
2025-12-05,email,17948.96,255637,2768,239.0,3.0,31208.660000000003,4,0,22
2025-12-05,organic,4392.62,726063,6874,645.0,11.0,62271.17999999999,4,0,22
2025-12-05,paid_social,125897.78,673175,13421,848.0,17.0,78845.02,4,0,22
2025-12-05,referral,34100.14,134036,2362,251.0,8.0,64138.99,4,0,22
2025-12-05,search,205695.0,913554,24938,985.0,31.0,229755.4,4,0,22
2025-12-06,email,20322.96,314354,3626,373.0,15.0,79739.52,5,0,22
2025-12-06,organic,5055.22,769281,8119,669.0,13.0,96712.59999999999,5,0,22
2025-12-06,paid_social,153693.64,799223,14842,1092.0,15.0,94797.2,5,0,22
2025-12-06,referral,26006.75,105719,2025,178.0,7.0,43329.95,5,0,22
2025-12-06,search,195145.57,844727,21547,1098.0,38.0,291402.26,5,0,22
2025-12-07,email,22156.52,333448,3633,388.0,22.0,151702.78,6,0,22
2025-12-07,organic,4824.83,726130,6339,552.0,14.0,89235.87999999999,6,0,22
2025-12-07,paid_social,161677.05,887976,16101,1111.0,9.0,42782.990000000005,6,0,22
2025-12-07,referral,37047.67,131037,2080,184.0,8.0,56872.44,6,0,22
2025-12-07,search,172308.29,774886,18710,1103.0,32.0,228711.51,6,0,22
2025-12-08,email,16322.25,333481,4502,361.0,21.0,124386.77,0,0,22
2025-12-08,organic,4192.72,604894,4560,377.0,5.0,27228.09,0,0,22
2025-12-08,paid_social,130537.20999999999,708088,12474,974.0,21.0,144899.79,0,0,22
2025-12-08,referral,31066.43,137276,2904,262.0,11.0,83087.94,0,0,22
2025-12-08,search,182020.37,780237,23608,1028.0,33.0,246520.60000000003,0,0,22
2025-12-09,email,18756.97,313183,4781,438.0,17.0,101229.31,1,0,22
2025-12-09,organic,4748.35,600373,5961,492.0,7.0,33220.240000000005,1,0,22
2025-12-09,paid_social,113608.07,599645,11285,850.0,16.0,76841.59,1,0,22
2025-12-09,referral,26940.170000000002,138578,2560,212.0,4.0,29006.5,1,0,22
2025-12-09,search,144818.57,629147,16963,997.0,27.0,174441.62,1,0,22
2025-12-10,email,16241.74,297862,3835,312.0,13.0,88196.76,2,0,22
2025-12-10,organic,4592.51,724523,6528,487.0,9.0,43960.83,2,0,22
2025-12-10,paid_social,116774.93,627825,12736,911.0,17.0,98521.01000000001,2,0,22
2025-12-10,referral,27721.670000000002,122459,2339,180.0,5.0,26935.579999999998,2,0,22
2025-12-10,search,130207.98,572789,14418,1017.0,33.0,231242.24,2,0,22
2025-12-11,email,15239.369999999999,291937,2944,261.0,15.0,128675.34999999999,3,0,22
2025-12-11,organic,4279.66,626698,5653,500.0,11.0,58465.7,3,0,22
2025-12-11,paid_social,133104.24,707503,13604,1052.0,17.0,72528.29000000001,3,0,22
2025-12-11,referral,21434.2,141682,2554,203.0,4.0,20273.100000000002,3,0,22
2025-12-11,search,185277.26,798449,22747,1115.0,24.0,155523.91999999998,3,0,22
2025-12-12,email,18226.96,287579,3608,317.0,14.0,127602.64,4,0,23
2025-12-12,organic,4692.9400000000005,637310,7297,630.0,10.0,65235.08,4,0,23
2025-12-12,paid_social,135900.84,695964,13685,963.0,14.0,65881.39,4,0,23
2025-12-12,referral,33177.94,115244,2711,250.0,10.0,60504.17,4,0,23
2025-12-12,search,165181.55,740233,20154,1120.0,29.0,197864.56,4,0,23
2025-12-13,email,19967.93,279077,2633,239.0,8.0,47060.3,5,0,23
2025-12-13,organic,4432.53,765082,9384,772.0,11.0,67514.35,5,0,23
2025-12-13,paid_social,148626.56,782486,13037,1068.0,20.0,163473.15,5,0,23
2025-12-13,referral,37504.42,125781,2471,225.0,8.0,54880.44,5,0,23
2025-12-13,search,191221.05,796761,20905,1066.0,44.0,320459.92,5,0,23
2025-12-14,email,18236.57,307394,3110,366.0,14.0,93750.59,6,0,23
2025-12-14,organic,5161.86,780657,8529,781.0,10.0,75817.66,6,0,23
2025-12-14,paid_social,169012.33000000002,948062,18198,1111.0,17.0,87060.48,6,0,23
2025-12-14,referral,33939.590000000004,147945,3156,377.0,4.0,22254.58,6,0,23
2025-12-14,search,149914.52,659684,18408,1080.0,36.0,214859.29,6,0,23
2025-12-15,email,18370.43,300965,3084,266.0,12.0,94981.0,0,0,23
2025-12-15,organic,4656.4400000000005,715290,6054,506.0,7.0,29787.97,0,0,23
2025-12-15,paid_social,116484.65,658886,12688,938.0,20.0,140750.94,0,0,23
2025-12-15,referral,30054.19,119318,2611,195.0,6.0,43707.979999999996,0,0,23
2025-12-15,search,146559.82,631586,14527,1014.0,31.0,238097.97,0,0,23
2025-12-16,email,16529.35,303737,3521,311.0,10.0,53945.75,1,0,23
2025-12-16,organic,4876.4,740045,7768,650.0,12.0,70921.35,1,0,23
2025-12-16,paid_social,133257.26,715780,13029,952.0,12.0,79204.25,1,0,23
2025-12-16,referral,28201.3,120451,2454,218.0,4.0,15935.23,1,0,23
2025-12-16,search,172516.46,738712,22216,1104.0,30.0,176717.43,1,0,23
2025-12-17,email,21974.989999999998,271154,3573,277.0,11.0,66597.8,2,0,23
2025-12-17,organic,4211.24,598462,5279,442.0,6.0,41642.130000000005,2,0,23
2025-12-17,paid_social,137774.52000000002,702407,12272,842.0,16.0,91199.5,2,0,23
2025-12-17,referral,28335.06,132815,2634,250.0,5.0,25281.85,2,0,23
2025-12-17,search,155334.6,657884,18805,1022.0,26.0,156114.53999999998,2,0,23
2025-12-18,email,17817.37,289728,2740,237.0,7.0,58079.93000000001,3,0,23
2025-12-18,organic,4011.94,725779,8377,693.0,11.0,60544.58,3,0,23
2025-12-18,paid_social,126397.64,653487,11347,957.0,15.0,77647.02,3,0,23
2025-12-18,referral,30051.62,137715,2712,240.0,7.0,59708.68,3,0,23
2025-12-18,search,176420.49,786470,24002,1086.0,36.0,203873.87,3,0,23
2025-12-19,email,18132.86,303387,2964,261.0,12.0,58910.71,4,0,24
2025-12-19,organic,4306.53,698534,7438,638.0,5.0,31158.7,4,0,24
2025-12-19,paid_social,135174.64,681622,12677,1001.0,13.0,66163.32,4,0,24
2025-12-19,referral,35344.18,138758,2722,264.0,6.0,40346.0,4,0,24
2025-12-19,search,160217.34,728051,22386,1052.0,32.0,202552.7,4,0,24
2025-12-20,email,20693.87,276531,3718,355.0,23.0,156594.67,5,0,24
2025-12-20,organic,4885.58,842449,8002,637.0,12.0,64191.340000000004,5,0,24
2025-12-20,paid_social,143094.19,795979,17612,1112.0,20.0,80526.57,5,0,24
2025-12-20,referral,34477.39,97915,1700,149.0,2.0,9573.64,5,0,24
2025-12-20,search,213958.77,886875,23029,1120.0,34.0,231817.76,5,0,24
2025-12-21,email,17458.11,255248,3525,353.0,13.0,90689.29000000001,6,0,24
2025-12-21,organic,5555.4400000000005,662232,6466,633.0,10.0,61145.11,6,0,24
2025-12-21,paid_social,150943.3,795134,13705,1070.0,14.0,88282.94,6,0,24
2025-12-21,referral,39567.0,124900,2645,266.0,7.0,29742.16,6,0,24
2025-12-21,search,191343.17,801637,24470,1120.0,40.0,259978.0,6,0,24
2025-12-22,email,15242.310000000001,268823,3648,343.0,17.0,151409.74,0,0,24
2025-12-22,organic,4103.21,764777,7334,647.0,7.0,28848.920000000002,0,0,24
2025-12-22,paid_social,130834.66,724845,13760,1024.0,8.0,22973.98,0,0,24
2025-12-22,referral,26777.25,98651,2231,189.0,5.0,26446.39,0,0,24
2025-12-22,search,146416.58,644942,16589,1006.0,16.0,120795.09,0,0,24
2025-12-23,email,17550.19,368300,4192,361.0,20.0,120066.04000000001,1,0,24
2025-12-23,organic,3939.85,732246,5402,462.0,12.0,32356.940000000002,1,0,24
2025-12-23,paid_social,123809.93,645451,9987,719.0,14.0,92705.88,1,0,24
2025-12-23,referral,29625.09,141734,3042,239.0,6.0,54024.92,1,0,24
2025-12-23,search,164263.0,736983,17326,1032.0,28.0,200644.49,1,0,24
2025-12-24,email,14269.8,317363,4196,394.0,15.0,81081.05,2,0,24
2025-12-24,organic,4338.889999999999,628528,5505,461.0,6.0,43501.57000000001,2,0,24
2025-12-24,paid_social,109393.17,574831,9057,839.0,13.0,75069.31999999999,2,0,24
2025-12-24,referral,32179.79,106506,2240,195.0,4.0,25244.29,2,0,24
2025-12-24,search,153078.38999999998,670933,19215,1120.0,32.0,242467.77000000002,2,0,24
2025-12-25,email,18587.01,246910,2851,243.0,15.0,93809.22,3,0,24
2025-12-25,organic,4881.9,696082,5440,427.0,11.0,72188.92,3,0,24
2025-12-25,paid_social,112267.57,576853,11202,864.0,8.0,57275.979999999996,3,0,24
2025-12-25,referral,30068.34,120741,2165,186.0,4.0,24760.590000000004,3,0,24
2025-12-25,search,149892.87,662910,20939,1120.0,39.0,282428.4,3,0,24
2025-12-26,email,22912.01,421584,5745,673.0,26.0,150611.38,4,1,25
2025-12-26,organic,5428.07,849272,7818,785.0,18.0,134276.89,4,1,25
2025-12-26,paid_social,150804.07,897053,15766,1120.0,28.0,173841.91,4,1,25
2025-12-26,referral,40084.49,114115,2362,256.0,9.0,46888.659999999996,4,1,25
2025-12-26,search,198363.13,897433,27131,1120.0,43.0,261939.06,4,1,25
2025-12-27,email,24847.02,355526,4858,557.0,26.0,159446.03,5,1,25
2025-12-27,organic,6184.79,583671,6432,719.0,14.0,82788.07,5,1,25
2025-12-27,paid_social,207165.64,1070408,19518,1120.0,30.0,158092.29,5,1,25
2025-12-27,referral,45520.15,130782,2518,305.0,12.0,44528.36,5,1,25
2025-12-27,search,251118.21,1084537,31934,1120.0,37.0,231800.95,5,1,25
2025-12-28,email,28156.38,314268,3864,497.0,23.0,132084.22,6,1,25
2025-12-28,organic,6794.99,749657,9848,1007.0,13.0,79615.49,6,1,25
2025-12-28,paid_social,211202.07,1104431,20012,1120.0,32.0,189505.56,6,1,25
2025-12-28,referral,50894.520000000004,138115,3356,427.0,11.0,69711.33,6,1,25
2025-12-28,search,220957.51,958094,27843,1120.0,35.0,209160.49,6,1,25
2025-12-29,email,21724.64,370078,4756,528.0,25.0,146609.45,0,1,25
2025-12-29,organic,5855.7,657126,7660,755.0,19.0,98213.51,0,1,25
2025-12-29,paid_social,160088.63,809590,15448,1021.0,24.0,121263.99,0,1,25
2025-12-29,referral,35592.49,116515,1484,163.0,3.0,12800.57,0,1,25
2025-12-29,search,207382.73,910711,25435,1120.0,47.0,299317.67,0,1,25
2025-12-30,email,23898.03,441305,6262,618.0,23.0,142594.75,1,1,25
2025-12-30,organic,5167.05,738721,7095,728.0,12.0,72640.57,1,1,25
2025-12-30,paid_social,175114.47,936310,14881,1036.0,21.0,110771.96,1,1,25
2025-12-30,referral,37039.01,113915,2033,238.0,8.0,31042.61,1,1,25
2025-12-30,search,213748.97,903778,24064,1120.0,40.0,245722.78,1,1,25
2025-12-31,email,21965.92,411106,4911,531.0,25.0,167061.46,2,1,25
2025-12-31,organic,5192.88,691459,5569,544.0,16.0,102224.34999999999,2,1,25
2025-12-31,paid_social,146348.06,794434,12338,973.0,22.0,144600.63,2,1,25
2025-12-31,referral,29811.19,131765,3039,351.0,17.0,116302.96,2,1,25
2025-12-31,search,191542.32,809213,20830,1073.0,40.0,276345.77,2,1,25
2026-01-01,email,18657.11,387406,4336,435.0,14.0,85310.53,3,1,25
2026-01-01,organic,6162.3,538536,5180,507.0,12.0,84734.17,3,1,25
2026-01-01,paid_social,151086.95,858488,14535,1120.0,23.0,97221.73999999999,3,1,25
2026-01-01,referral,34561.88,101880,2252,223.0,7.0,58391.23,3,1,25
2026-01-01,search,173693.09,789835,24298,1105.0,43.0,279800.91,3,1,25
2026-01-02,email,18845.47,295015,3400,311.0,17.0,109425.73,4,0,26
2026-01-02,organic,4455.04,749499,8004,636.0,9.0,56254.490000000005,4,0,26
2026-01-02,paid_social,145193.19,780448,12592,1067.0,15.0,66585.19,4,0,26
2026-01-02,referral,30621.5,125412,2595,272.0,5.0,23305.2,4,0,26
2026-01-02,search,149198.24,635805,15924,1028.0,31.0,186019.16999999998,4,0,26
2026-01-03,email,21165.9,333836,4275,470.0,21.0,125009.34,5,0,26
2026-01-03,organic,5006.15,668155,6130,551.0,7.0,32269.820000000003,5,0,26
2026-01-03,paid_social,146119.54,752002,14291,1030.0,2.0,12558.99,5,0,26
2026-01-03,referral,33227.67,117943,2428,233.0,8.0,51992.61,5,0,26
2026-01-03,search,192710.02000000002,867947,25050,1120.0,24.0,178266.45,5,0,26
2026-01-04,email,21554.25,305137,2569,241.0,11.0,83627.82,6,0,26
2026-01-04,organic,5005.21,830911,9717,705.0,10.0,76286.72,6,0,26
2026-01-04,paid_social,149226.64,793673,13887,960.0,12.0,92854.5,6,0,26
2026-01-04,referral,40603.65,152827,2715,267.0,11.0,78481.31999999999,6,0,26
2026-01-04,search,180968.74,795795,24972,1120.0,28.0,216501.34,6,0,26
2026-01-05,email,18397.37,326926,4823,488.0,23.0,127255.54999999999,0,0,26
2026-01-05,organic,3624.9500000000003,736550,6514,635.0,12.0,81142.74,0,0,26
2026-01-05,paid_social,132525.63,692556,13204,969.0,12.0,58864.8,0,0,26
2026-01-05,referral,28475.12,105623,2146,178.0,6.0,38176.74,0,0,26
2026-01-05,search,185493.79,803973,23547,1120.0,27.0,169498.37,0,0,26
2026-01-06,email,15194.93,309649,3301,258.0,14.0,62988.93,1,0,26
2026-01-06,organic,4784.41,591041,6577,582.0,6.0,37509.77,1,0,26
2026-01-06,paid_social,110530.05,663805,12571,899.0,15.0,77166.67,1,0,26
2026-01-06,referral,30116.0,133616,2375,201.0,9.0,51150.17999999999,1,0,26
2026-01-06,search,165337.73,729589,17315,964.0,28.0,178819.31,1,0,26
2026-01-07,email,16712.6,343942,4077,300.0,17.0,103886.8,2,0,26
2026-01-07,organic,4748.66,677292,7063,553.0,5.0,35306.44,2,0,26
2026-01-07,paid_social,100285.01,623619,13119,1047.0,8.0,44154.78,2,0,26
2026-01-07,referral,28876.2,121373,2715,225.0,5.0,24912.26,2,0,26
2026-01-07,search,170620.49,729223,19572,1107.0,19.0,121998.85,2,0,26
2026-01-08,email,17653.38,322099,3508,277.0,7.0,54885.83,3,0,26
2026-01-08,organic,4959.63,611247,5870,507.0,15.0,104982.54000000001,3,0,26
2026-01-08,paid_social,139124.63,713736,13390,926.0,14.0,65605.9,3,0,26
2026-01-08,referral,34520.19,100607,2131,188.0,5.0,26862.18,3,0,26
2026-01-08,search,156763.14,679174,19052,1093.0,42.0,256810.39,3,0,26
2026-01-09,email,19380.79,393869,4050,387.0,11.0,70458.17,4,0,27
2026-01-09,organic,4836.98,830080,9003,683.0,11.0,57227.740000000005,4,0,27
2026-01-09,paid_social,129988.82,686374,11064,956.0,19.0,133382.99,4,0,27
2026-01-09,referral,33804.8,91754,2134,212.0,8.0,71296.32,4,0,27
2026-01-09,search,147574.37,650058,18304,1110.0,26.0,184480.06,4,0,27
2026-01-10,email,21655.82,206206,3073,319.0,10.0,62956.47,5,0,27
2026-01-10,organic,4670.01,811619,7912,678.0,15.0,62301.95,5,0,27
2026-01-10,paid_social,153174.56,817613,15171,1079.0,18.0,138933.56,5,0,27
2026-01-10,referral,36376.58,105777,2376,251.0,5.0,27706.68,5,0,27
2026-01-10,search,167147.47,729537,20701,1120.0,34.0,227987.77,5,0,27
2026-01-11,email,20032.190000000002,347134,3640,379.0,20.0,129624.33000000002,6,0,27
2026-01-11,organic,4831.92,836542,7905,752.0,11.0,63898.649999999994,6,0,27
2026-01-11,paid_social,156108.49,793587,13773,1066.0,7.0,47669.28,6,0,27
2026-01-11,referral,37393.79,127097,2752,295.0,7.0,35651.78,6,0,27
2026-01-11,search,211185.11000000002,917303,23596,1120.0,41.0,279191.4,6,0,27
2026-01-12,email,18559.78,372700,4366,387.0,15.0,103200.86,0,0,27
2026-01-12,organic,4437.62,754789,7543,697.0,9.0,74010.04000000001,0,0,27
2026-01-12,paid_social,145193.1,790899,14725,1005.0,16.0,114295.57,0,0,27
2026-01-12,referral,32062.49,106774,2090,189.0,8.0,46211.49,0,0,27
2026-01-12,search,144601.66,639671,16481,934.0,28.0,188385.85,0,0,27
2026-01-13,email,16235.9,254310,4141,354.0,14.0,68461.97,1,0,27
2026-01-13,organic,4988.7,660137,8086,593.0,5.0,26817.16,1,0,27
2026-01-13,paid_social,134881.25,713052,14214,969.0,13.0,77469.39,1,0,27
2026-01-13,referral,30836.35,87313,1858,157.0,3.0,11300.119999999999,1,0,27
2026-01-13,search,151259.91,664675,17750,1079.0,35.0,271866.62,1,0,27
2026-01-14,email,20311.33,295620,3525,285.0,8.0,61834.46,2,0,27
2026-01-14,organic,4759.1900000000005,853052,6640,622.0,11.0,71645.16,2,0,27
2026-01-14,paid_social,135236.85,692978,11582,918.0,23.0,112032.22,2,0,27
2026-01-14,referral,29007.34,136402,3144,248.0,8.0,59714.77,2,0,27
2026-01-14,search,145965.79,656944,19825,1049.0,29.0,198282.97,2,0,27
2026-01-15,email,18358.37,277927,4247,423.0,17.0,102596.99,3,0,27
2026-01-15,organic,4373.17,553804,5690,508.0,9.0,45897.83,3,0,27
2026-01-15,paid_social,140775.47999999998,710578,14032,960.0,14.0,90648.19,3,0,27
2026-01-15,referral,36358.69,106887,2505,224.0,4.0,24542.92,3,0,27
2026-01-15,search,165137.83,699702,18444,1104.0,25.0,158937.33000000002,3,0,27
2026-01-16,email,21207.43,274235,3596,327.0,12.0,85413.56,4,0,28
2026-01-16,organic,4531.8,545856,4870,438.0,6.0,37048.22,4,0,28
2026-01-16,paid_social,146591.14,775063,11393,880.0,15.0,112909.31,4,0,28
2026-01-16,referral,31940.59,120179,2513,263.0,3.0,21581.2,4,0,28
2026-01-16,search,180756.59,768241,23408,1120.0,29.0,184851.74,4,0,28
2026-01-17,email,19660.01,254433,2531,215.0,8.0,61305.560000000005,5,0,28
2026-01-17,organic,4995.6900000000005,771515,8800,694.0,8.0,66531.46,5,0,28
2026-01-17,paid_social,159020.4,906315,17857,1059.0,21.0,115303.0,5,0,28
2026-01-17,referral,36555.99,107692,1662,166.0,7.0,40761.8,5,0,28
2026-01-17,search,183886.62,774705,21960,1120.0,43.0,300849.2,5,0,28
2026-01-18,email,20869.77,317474,3809,357.0,16.0,91242.38,6,0,28
2026-01-18,organic,5302.53,864885,6019,575.0,10.0,56560.7,6,0,28
2026-01-18,paid_social,157113.78,829436,13382,1060.0,16.0,96864.49,6,0,28
2026-01-18,referral,32292.260000000002,104691,2219,271.0,8.0,58953.490000000005,6,0,28
2026-01-18,search,189253.57,819487,22465,1120.0,30.0,187328.45,6,0,28
2026-01-19,email,18477.16,321474,3733,361.0,17.0,120238.24,0,0,28
2026-01-19,organic,4061.82,828447,6856,591.0,7.0,31532.88,0,0,28
2026-01-19,paid_social,144578.01,770854,14030,983.0,11.0,62784.29,0,0,28
2026-01-19,referral,33622.28,130277,2814,273.0,1.0,4253.0,0,0,28
2026-01-19,search,145860.95,643615,17818,1005.0,38.0,251330.48,0,0,28
2026-01-20,email,19066.42,236950,2983,286.0,11.0,70682.56,1,0,28
2026-01-20,organic,4733.82,771087,7312,562.0,9.0,65624.09,1,0,28
2026-01-20,paid_social,144152.32,775135,13524,1036.0,14.0,100885.47000000002,1,0,28
2026-01-20,referral,30746.29,125228,2447,206.0,9.0,46385.46,1,0,28
2026-01-20,search,130217.51,613731,16096,1076.0,25.0,147657.4,1,0,28
2026-01-21,email,18515.6,251302,3585,315.0,26.0,194137.55,2,0,28
2026-01-21,organic,4923.59,722185,8954,686.0,12.0,73238.62999999999,2,0,28
2026-01-21,paid_social,125098.97,668742,10945,851.0,9.0,40539.740000000005,2,0,28
2026-01-21,referral,30847.32,121986,2231,209.0,5.0,26377.09,2,0,28
2026-01-21,search,167313.43,728895,21071,1120.0,34.0,207493.47,2,0,28
2026-01-22,email,18308.85,290017,3387,328.0,11.0,57184.350000000006,3,0,28
2026-01-22,organic,4730.77,592186,6378,530.0,11.0,87883.72,3,0,28
2026-01-22,paid_social,120281.72,611692,10255,801.0,16.0,99695.42000000001,3,0,28
2026-01-22,referral,31357.23,148953,1942,161.0,5.0,32742.909999999996,3,0,28
2026-01-22,search,174104.49,767276,21916,1072.0,32.0,200327.45,3,0,28
2026-01-23,email,16281.28,283532,3485,329.0,7.0,55699.19,4,0,29
2026-01-23,organic,4410.8099999999995,708867,6544,570.0,8.0,37109.87,4,0,29
2026-01-23,paid_social,167854.88999999998,899517,15569,924.0,14.0,70618.42,4,0,29
2026-01-23,referral,30203.38,126849,2472,220.0,7.0,32816.64,4,0,29
2026-01-23,search,164055.88,709842,19295,1071.0,23.0,159053.08000000002,4,0,29
2026-01-24,email,19152.49,291800,2739,275.0,9.0,51711.97,5,0,29
2026-01-24,organic,5026.56,943897,10414,889.0,16.0,129026.42000000001,5,0,29
2026-01-24,paid_social,146840.07,764941,13473,1083.0,12.0,64125.9,5,0,29
2026-01-24,referral,36008.29,98212,2076,207.0,6.0,32249.54,5,0,29
2026-01-24,search,169772.33,750745,19712,1120.0,37.0,248413.97999999998,5,0,29
2026-01-25,email,18954.02,273324,3372,332.0,11.0,79909.6,6,0,29
2026-01-25,organic,5473.62,815582,9380,907.0,13.0,59940.45,6,0,29
2026-01-25,paid_social,166034.83000000002,891487,15421,1120.0,17.0,64187.1,6,0,29
2026-01-25,referral,36362.31,108167,2269,236.0,8.0,30340.440000000002,6,0,29
2026-01-25,search,192862.59,829206,22464,1102.0,43.0,303588.31,6,0,29
2026-01-26,email,19130.59,279664,3114,302.0,13.0,75759.99,0,0,29
2026-01-26,organic,4486.34,651501,7571,662.0,14.0,81824.58,0,0,29
2026-01-26,paid_social,116765.77,619448,9830,720.0,10.0,65812.25,0,0,29
2026-01-26,referral,30164.339999999997,92857,2109,191.0,5.0,11705.28,0,0,29
2026-01-26,search,189468.74,816558,21817,1078.0,30.0,216217.55000000002,0,0,29
2026-01-27,email,18738.05,330314,4324,419.0,17.0,105643.6,1,0,29
2026-01-27,organic,4267.76,709002,6715,526.0,6.0,34213.58,1,0,29
2026-01-27,paid_social,134654.87,722550,12410,857.0,18.0,113468.94,1,0,29
2026-01-27,referral,30694.84,121168,2399,233.0,6.0,24781.190000000002,1,0,29
2026-01-27,search,156208.05,711760,18989,1108.0,30.0,199539.77,1,0,29
2026-01-28,email,18011.16,318634,2958,261.0,11.0,80201.78,2,0,29
2026-01-28,organic,3911.05,761609,7016,721.0,8.0,62038.89,2,0,29
2026-01-28,paid_social,130233.92,673357,11988,951.0,14.0,80239.37,2,0,29
2026-01-28,referral,29967.879999999997,78369,1709,144.0,3.0,16380.12,2,0,29
2026-01-28,search,163006.22,727767,17834,967.0,39.0,218665.86,2,0,29
2026-01-29,email,16131.5,298250,2996,256.0,7.0,44366.97,3,0,29
2026-01-29,organic,4974.37,643949,5324,504.0,8.0,39646.55,3,0,29
2026-01-29,paid_social,142840.44,746157,12814,952.0,13.0,70345.81,3,0,29
2026-01-29,referral,25443.75,94357,1692,154.0,4.0,20970.75,3,0,29
2026-01-29,search,152120.02,657439,15839,1004.0,28.0,203944.6,3,0,29
2026-01-30,email,17937.16,280062,3197,269.0,16.0,106307.83,4,0,30
2026-01-30,organic,5235.51,704627,7956,711.0,11.0,81682.34999999999,4,0,30
2026-01-30,paid_social,137895.5,677073,12995,945.0,11.0,49943.829999999994,4,0,30
2026-01-30,referral,30629.32,106782,2159,212.0,2.0,22353.18,4,0,30
2026-01-30,search,164562.52000000002,699355,20170,988.0,27.0,186435.53,4,0,30
